x1,x2,x3,x4,x5,x6,y
0.5068543158929273,-1.0,-0.9862650155643581,-1.0,1.0,1.0,-4.026725999043645
0.07110579506396976,-0.4424610197887747,-0.603718741423801,-0.41270955762286987,-1.0,-0.06141731992406818,0.7807537854652913
-0.9920571836094807,0.35206796351472136,-1.0,0.9967175220197549,0.35162213700654243,0.1639952336454767,-1.43683249854763
1.0,1.0,1.0,1.0,1.0,-0.5683758446150358,-6.304460749360641
-1.0,-1.0,-0.7100123189077983,-0.130388051528056,0.7673578446168885,0.7595798420039657,0.2655996433489721
1.0,1.0,1.0,0.8868960059064106,0.07701201735441038,-0.4077187165843705,-1.6121576219321903
0.00849421738715296,-0.054018261949641655,-0.9240830273052909,-0.5447459954628395,0.16652637778168994,0.04962829949790204,0.12195326228558262
-1.0,0.9113074895707372,-1.0,0.02576679841702434,-0.6820599421105172,0.6067396965709899,4.156371607294585
-0.7719730807875964,-0.7947951387812058,-0.5464415898192218,-1.0,-0.06629179693978693,-0.0903411658042727,-1.7425626611760916
-0.5736673502581866,-1.0,1.0,-0.7460825869508809,0.161736168687119,-0.20305999359566834,1.0109692044387046
0.014909357248164667,-0.7377457532956649,-0.4458678601478969,-0.967972188365435,0.14364888551689167,0.06685743774251207,-0.6117029742870024
-1.0,-0.6841972099534757,-0.9635211599252291,-1.0,0.9988079939664101,0.8471208523613334,0.625464163706178
0.04835662185259881,1.0,0.539155748103044,1.0,-0.47727779854439656,-0.10511824057637054,-0.7961199679589914
-1.0,-1.0,-0.8726399053773937,-0.6611065095441109,-0.8748717706123101,-0.8798049425769094,1.8843848977893334
-1.0,-0.054946491865743186,-0.2838278102111416,-0.5817681925065722,-1.0,-0.9725435270723632,-1.1278729149884925
-0.9740394648419712,-0.6127990061442026,-0.6626764892986516,-1.0,-1.0,-0.18759452795445897,0.2013118150981678
-0.7767323310420111,-0.8400223822588134,1.0,0.4282704099451961,-1.0,-0.9406100294863693,-0.4353310887090215
-0.040669979470750794,0.5209122904564856,0.7086252369304951,-0.37666372214211735,0.07037935888578972,0.047897563608387816,0.0012580197291616746
-0.9257351563563039,-0.4444077122721784,-0.10333347430562623,-0.4470244225992257,1.0,0.5441960875625831,3.3607055208939216
-1.0,-0.4871170335075461,0.4858310288091927,-0.9363885553107432,0.6289378611893943,1.0,-0.24641915318577035
0.07044165024879684,-0.48417376143228685,-1.0,-1.0,-0.6866830546434087,-0.343770615727196,-0.42095475790877923
-0.8409134822582904,-0.53690257838472,-0.9851407063187076,-0.8013903933049586,-1.0,-1.0,3.637388627590059
0.15405289926213472,0.8865296102099605,0.39035982104081013,0.07772639667156012,1.0,1.0,3.9710195049621384
-0.2731610827645239,-0.17745811941281198,-0.9630908311877404,-0.0016495198556549795,-1.0,-0.23253281043582308,-0.992184087045474
-1.0,-1.0,-1.0,-0.4313457571353948,-0.5813945855790182,0.9947899465674531,-0.2664825254640534
-0.9121158341308269,-0.5183584021455953,0.25256479550291644,0.13825670611695134,-0.18802190994924894,1.0,-0.8123824732680114
-0.4162781140770684,-0.11645299334243592,0.6918735966528542,-0.01540100441171835,1.0,0.25127568510303067,-0.6229279949400177
-0.8934558382359489,0.3443787310633172,0.26351681175684477,1.0,-1.0,-0.6961156027434254,0.9321910307636663
0.12918056096750558,1.0,-1.0,-1.0,1.0,1.0,13.953739041859844
-1.0,-1.0,-1.0,-0.7039210769449455,0.10026004427154973,0.7449311717963564,-3.0639198228339453
-0.7253403196265964,-0.14064907119805065,1.0,1.0,1.0,0.9231344651243848,0.09674918362492357
1.0,0.21543437765593576,0.38285298702873716,0.6165381204345253,0.10803249893658962,-1.0,4.8303682216459265
-1.0,-1.0,-1.0,0.1254978438325819,-0.00570265350445176,-0.60421002423686,-2.244850967780231
0.5410715001348729,0.38779414948154445,0.37037345618186235,0.528460015749469,0.7066233376286166,-0.2509689570260567,-1.0231337741635262
0.08009504831963066,0.7491153829899231,-0.33307306328072245,0.6230021787429127,-0.40523346930575377,-0.4322227935879197,0.9625075746895799
1.0,1.0,0.3331585430050794,0.6748985904250702,0.9276524524966601,-0.554164325522744,-2.469334666336402
0.664135144016134,0.8041379306424093,0.2281169560973828,-0.42507790870668805,-0.3226561671419967,-0.5295340297230354,0.5811822605047507
-0.33892165698313925,-0.306205353083827,0.364410363897282,-1.0,-1.0,-0.17387942664737732,0.9620317334359079
-0.34190929079228927,-0.7171036397205173,0.6280829606465994,-0.8971254078955014,0.7047109114584,-0.11286305975337474,0.30999983526830843
0.5466369046784663,-1.0,-0.3131695889849617,-0.6797221099295069,-0.7804985126128638,-1.0,7.966789439092293
0.5425853411506645,-0.7859767751168367,0.6506688359449437,1.0,0.26949596782548224,-0.9404147876682081,2.5211271989523363
0.5221200542896931,1.0,1.0,1.0,-0.8326141078612653,-0.27814812014805557,0.852374262056566
0.40324996393809687,0.5049172864881499,-0.05492449988729797,0.7355637022079922,-0.9149163814570588,-0.8789061379546069,3.311301739679346
-1.0,-0.6016082779585689,-1.0,-1.0,0.6822970962901955,-0.8062048741625703,2.171559014468726
0.13175382077636932,0.403683404100184,1.0,0.664191182295474,0.8726350543033224,0.630992615677737,-1.6313064866777083
-1.0,-0.5649329954519918,-0.1912364643134844,-1.0,-0.6536387281615068,-0.3489575959678948,0.2690625718296944
-0.6422631148070133,-0.3260099971703423,-0.5751977808533851,-0.7504382591569132,-0.5683251237831168,0.589088313518614,0.048472686727807135
-0.19764292090280866,-1.0,-0.5259911569088223,-1.0,0.8641295057684244,1.0,0.09516666548601926
1.0,0.15998291221619487,0.8669879005963976,1.0,-1.0,-1.0,9.338540461046483
-0.5752977979152527,-0.5205089594911472,-0.8497504592986818,-1.0,-1.0,1.0,6.348932394213303
-1.0,-0.4012645125677534,-0.48763821848749955,-0.8545001582715838,-0.5762286544290645,-0.6520836194982127,0.794739400907183
-0.28806334609289463,-0.6998752062429796,-0.9374948972727462,-0.31428783974200797,-1.0,-1.0,2.1221418086051504
-0.40538633619294306,-0.2576276393531365,-0.5112918636627317,-0.18538728888494593,0.39943516374531796,0.5106147247775714,1.8725768886914096
0.42849558909342167,0.4920286632967349,0.6341763292924334,-0.36008639114831087,0.40072512208632327,0.9171193348823427,1.3937959801920203
0.06726064510364282,1.0,0.6401243168161035,0.06949969160578617,1.0,0.2111509370567557,-1.11775588975147
-0.5363381841120177,-1.0,-1.0,-0.034138226822092665,0.6626882307852922,0.3355834253643447,-2.8072423277200187
0.6838837273980788,0.4214144039988992,1.0,0.7504937487519959,0.3605141092460965,0.04643661944346422,-2.299068121674433
-0.8666281028621247,1.0,-0.7873529275512567,-0.6464958007300483,0.524350624218543,0.36439033741203125,4.657665987935287
-0.4561098325538039,-0.297780236133533,-0.8076799824510759,-0.6908681004939439,1.0,0.23137224438643478,0.3170325326000774
0.014496794059992046,-0.19386084779587362,-0.7115019215870758,1.0,0.8577230957964711,0.27066303068363307,-0.46633302185337416
-1.0,0.9878894143153019,-0.8913049640601762,-0.9073494838236733,-0.3532859170498029,-0.028457695481818646,1.143399245166419
1.0,1.0,1.0,0.5426371280432316,0.9947561354858243,-1.0,-5.149686942493397
0.9898225820551725,1.0,1.0,0.8494836089406155,-1.0,0.12262976519664476,3.5568813413279035
-1.0,0.35927687082780085,0.7886103388701456,-0.5318647949939317,-0.11626693639841279,-1.0,1.5297995044976715
-1.0,-1.0,-0.9009932162884795,-0.5539154274289118,-1.0,-0.20306629153218161,-3.0415780334812546
0.9344262208208376,-0.2773919525004189,0.3877016465116679,0.28607686731309634,-1.0,-1.0,8.805627247833623
0.7879508435463494,-1.0,0.25925058907799037,-0.437101211504833,-0.37333466099384083,0.9314796210370199,1.7384481641209013
1.0,0.3197710545640329,0.9377149507514073,-0.07887386795924733,-0.05376114720536029,-0.6159393879507331,1.9954467855658202
0.30876789293412327,-0.22766822543831344,-1.0,0.17574221884277574,0.7077096899269766,0.048918360643130876,-1.3936661981258482
-0.19952976623503488,-0.03966805569417886,-1.0,-1.0,-0.4534996823071099,0.12646534239840515,-0.8882583684765745
0.3679399476412896,0.14946612826444525,0.7847932860921307,0.610556342864694,1.0,1.0,0.7513721130471658
-0.5804380907789802,-0.7236911251269724,1.0,-1.0,0.6688248225264577,1.0,-3.607488332163374
-0.6747427539615214,-1.0,-0.8227138230924428,-0.30307339372088565,1.0,0.7075744840505478,-0.2768902584299442
1.0,-0.12679990055401358,1.0,-0.5171532887728848,0.7597555349500795,1.0,-6.755251208249073
-0.3309208231699505,0.7154068260117132,-0.09470354319895913,0.32339981272978635,-0.043545713255571855,0.5601831531718006,1.0132234702019163
0.6098163511491453,-0.2602281200191856,-0.42349206210489065,-0.07698524437786947,0.7262603136270651,0.7590419397622983,-0.35910380478970366
-0.2622402950943049,0.600979985839706,1.0,1.0,-0.1946939305668011,-0.17828220993691002,-1.059782169715311
0.07293073458442184,0.9385829713444032,0.19942761058730507,-0.18667963149504868,-1.0,-0.06469913015093533,0.34939401135923936
0.9050563885387026,-0.5464911058748294,0.6723760186850889,-0.3657944634190132,1.0,0.42299986259410494,-2.8990183957453253
-1.0,-0.37471144425572644,-0.3560559487082895,-0.9779238081224828,-0.4899019590352953,-0.09767913311492421,-0.47492479711920854
-0.20655335449459095,0.6624307594901013,-0.46082980024812387,-0.4274920501450774,-0.3671700781473006,-0.035910161221956116,-0.45283197125263686
-0.8382508615043749,-0.5213418408524058,-0.9861509649902442,0.09154873750725823,1.0,0.893317519997344,5.363547513087914
1.0,0.030808874270417785,0.878977972263013,1.0,0.27055446117717596,0.5087199535977447,-3.0733050980660988
0.8574961820884164,0.23008758969420717,0.36815539948974796,0.3826244574157269,-0.25047707102488204,-1.0,4.400896928697533
0.18642150123370704,-0.6643895722459932,-0.3323860091103267,0.4959891086255599,0.2524901648274418,1.0,2.8257896724688445
-1.0,-0.044577338235695985,0.3590706474039229,0.330498951227578,-0.3348232589816271,1.0,-0.8947857996534526
1.0,0.34120215834054246,1.0,0.48590543633785366,0.5115914346993438,1.0,-4.1209044958279994
-0.8337295077793898,-1.0,-0.8702142137231013,-0.7341296997883353,-0.9571629870964219,0.14046505416587896,-2.7524582610446564
-0.5568491870549036,-0.15522973008794794,-0.13938762785681402,-0.3772636346649969,-1.0,-1.0,0.10166841524817488
0.11824146915426392,0.18782606468528096,0.7599634848777472,1.0,0.008146793583373224,0.6554166663338437,-1.736942421006544
-0.4594050918503707,-1.0,-1.0,0.3622347948923897,1.0,0.643907229831877,-0.7254675737344987
-1.0,-1.0,-0.7633456234615117,-1.0,1.0,1.0,0.10219464190842309
0.36606062460864,-0.8083866699907487,-0.2078179581274111,0.8109765759628267,0.14212739024316767,-0.9335194703210443,2.5877002161958167
-0.30664787061642795,-0.22533288147692287,-1.0,-0.5946251395836588,0.9864104252211443,0.3764480829893766,-0.1499841899267753
0.4959478863409902,0.7579464203235763,0.11448708669315774,-0.0162526238262945,0.3174928211950212,-0.6702807481917017,0.7663112067009781
-1.0,-0.8632835492360529,0.7954459172404443,-1.0,0.15017205767146447,-0.8918723848742209,5.178345049882672
-1.0,-0.059934804115494233,-0.5798924966215004,-1.0,-1.0,0.30717572497167395,0.5812618013725919
-0.8977607032526445,-0.35266998841359526,0.16150845854830764,0.890531154606938,0.9856443775954118,1.0,4.951168426994409
-0.15626205152034167,-1.0,-1.0,-1.0,1.0,0.8898326779919091,-1.5000708911764433
1.0,-0.1777669715930632,0.2535759852866861,-0.398708516202992,0.43212886427929886,1.0,0.6640799029097617
-0.9602993375759658,-1.0,-0.21363916993522825,-1.0,-1.0,-0.5360077984786534,3.968144369630934
-0.752887492488959,-0.8391014555920204,-0.783113167120823,-1.0,-1.0,-1.0,4.79106978865952
0.2692748782452772,-0.5673591701075325,-0.024253478042783105,0.21286209263649353,-0.6187269260998032,-1.0,4.861732147789193
1.0,0.157369857831841,0.686492767527491,0.2183066831741048,1.0,0.5660937094310818,-3.732008215114097
0.030670672614609318,0.8436380775845903,0.6016407010469677,-0.6804987322369016,-0.6155145196963221,-0.5012237376601473,-0.5601972594852637
1.0,1.0,0.38449202336234056,1.0,-0.6689980606938188,0.24969558420257632,2.088607438284525
-0.683672064982531,0.4464911999419017,-1.0,-0.33832266680947093,-0.41490583706422224,-1.0,4.691399130285964
1.0,-0.4372218187334769,0.513591306952182,-0.4929523334236965,-0.6707368586091144,1.0,6.27263041198233
0.2790337989809859,1.0,0.8873308457450875,1.0,-0.1469131840807989,-0.17238279227451803,-2.2902896310315692
0.20586872312029303,0.808327936510524,0.04018358007609446,0.8521652862482364,-0.4391661012557707,-1.0,4.019552793567548
-0.6947943876011115,0.6424960501747439,-0.002885400543994998,0.8296194454775304,0.09449486260113338,-1.0,3.1015431505346664
1.0,1.0,1.0,0.924623568917837,-1.0,-0.37424926362025157,4.429257541783231
-1.0,-1.0,-0.2891244436236133,-0.3473915973057338,-0.312351215207479,-0.4719240923643271,-0.03732421426565691
0.15145612768694472,-0.09087642586626449,-0.3098169164889216,0.12097230332105263,0.2555831701438749,0.8622340801973588,2.821055444394618
-0.2914472953398116,-1.0,-1.0,0.016818761822379902,-0.4581198835180422,-0.18134572810810212,-3.2874963517037163
1.0,0.9942666737441495,0.4997736943709122,0.3103503088272296,-0.11967608879141967,-0.9539686158229905,3.2128975846701655
1.0,0.1388014771683096,1.0,0.15125518442134744,-0.9890416396869723,0.6042844211303231,3.3550387146573235
1.0,-0.5990305408622008,0.7266542499242875,0.18434882718931073,-1.0,0.38468100893617296,3.9319252969505913
0.5186947127877095,0.46632660231169965,-0.9887720030796103,-0.45926615327263137,-1.0,-1.0,1.6919392505186586
1.0,1.0,0.5788409972794926,1.0,-1.0,-0.6758369890748885,7.768423146759883
0.16936692725829772,-0.6783435950553165,-1.0,-1.0,0.41415237220824846,-0.12804867481147586,-1.8843975701439049
-0.8683809372286089,-0.168194630536101,-0.5818992333956552,-0.7619311728043408,-1.0,0.22956521620596393,-1.9550777287053425
-0.4699626073984511,-0.35638102455566156,-0.5772766781901748,-1.0,-0.4634663390647562,0.22180534603892438,-1.534828424528005
-0.6582741333133475,-1.0,-1.0,-1.0,-1.0,-1.0,5.511843924011668
0.237681974363468,-0.08104105457014751,-0.13264553330022655,0.18326839851431287,-0.791042956527303,0.4011369043384497,0.7020662208955196
-0.5623936727148497,0.052746360976467455,-0.16147716219859004,-1.0,-0.42593543842916093,-0.33387068915967477,-0.2460030727414384
-1.0,-1.0,-0.7318825253868992,-0.30673396200435743,1.0,0.355377092242525,-2.4677589436012717
-1.0,-0.29941637467716675,-1.0,-1.0,0.23370009724376228,-0.3130728394405462,-1.7694564016128045
-0.12137950846604689,0.019580165757287604,-0.49947555396961396,1.0,-0.9584962851666685,0.5245726418097861,1.8480340945295017
1.0,0.2197520653120537,1.0,1.0,-0.4752790024710246,-1.0,5.579836167292139
0.8668565695299665,1.0,1.0,0.35906609323703464,-1.0,0.4898762572817463,0.336956438460014
-0.8308176830797587,-0.7935569739639606,0.09943210481338355,-0.5570820323445884,-0.9445079801125984,-1.0,2.111965086755772
0.4543727170717844,-1.0,-1.0,-1.0,0.1045864550355019,0.2030308714953294,-3.0140455830440698
-0.49918615132880595,0.18302586557853456,1.0,-0.793671318091975,-0.5560232617150849,-0.09215104806724073,-1.3115842809517293
1.0,0.8075916863838863,-0.978902200697994,-0.6308445872955795,0.7455891523204151,-0.6718367982899975,-3.6242533993905885
0.9681109071003778,-0.8009078702314252,-0.45890068093051645,0.1697743465622747,-0.6427483806971657,0.22203149396019062,1.9143531166168635
0.005153142670345445,-0.598270995343293,0.034576853955153974,0.8011455975200593,1.0,0.004092975653101627,-0.7081547856871797
-1.0,-1.0,0.022219454594011534,-1.0,0.33675402005774246,1.0,-2.6552592673415547
1.0,0.5342170316285051,-0.8972790182709236,0.5320275859179792,-0.03751871400866652,0.3392778133688251,0.2073415161697829
1.0,-0.13799859158992106,1.0,0.45755215648021935,-0.35103356429772475,0.8920002329533977,-1.5404617500862852
0.5069936333457437,-1.0,0.446378745819342,-0.7502950860702922,1.0,0.28946493566063847,-0.553742585859514
0.5717569947339497,1.0,0.639401072838308,1.0,-0.45528469489281576,-0.7068703910586525,3.034562235606561
-0.7755562490321714,0.789542361923637,1.0,1.0,-1.0,0.7521775775333113,-5.613508458492566
-1.0,-1.0,-1.0,-1.0,0.16425598553077037,-0.56073103142616,-4.717334919820173
0.5144372104123535,0.39606990643202744,-0.5521512652330123,0.9317658269024938,-0.17871450617444828,0.30980215337170974,-0.5337823215134478
-0.9193705158161596,-0.3676147071886746,-0.9291856001845075,-1.0,-1.0,0.4017813302031813,-1.559232139698929
0.5466821849220411,1.0,0.9635620737904074,0.5089528426185237,-0.767945713533825,1.0,-0.6084854656733563
-0.5141919077711253,-1.0,-0.49953737459541436,-0.8925883088340179,-0.04739114469114181,-0.32046738835684374,-0.06118076590438304
-0.8131778912325365,-0.9254959959280371,0.29136561478561945,1.0,1.0,0.016267917161403078,-0.25465131769590676
-1.0,-1.0,-1.0,-0.13334467837422526,-0.2201988672140477,-1.0,2.9272944200566786
0.8685775453404496,0.8680130310214493,0.12435841830628003,1.0,1.0,-0.25324441594043523,-1.122337917827767
0.24312299909745616,0.1907329897623622,1.0,0.6618039666534788,1.0,0.8882041054629515,-2.4831666125185654
1.0,1.0,-0.06398193931886159,1.0,-0.8611827522376939,-1.0,10.95934008975748
-0.1985325679738965,-1.0,0.1821573662186673,-1.0,-0.21197201784050224,-1.0,6.958109075525856
-0.4008376222160105,-1.0,-1.0,0.8071299318399138,1.0,1.0,5.23310387739902
-1.0,-1.0,-0.626844369722142,-0.16193455879260885,-0.8686635118844026,-1.0,0.3083870812802303
-1.0,-0.9494686123826048,-0.6834010351271187,-1.0,0.4039664243536004,0.5978694405383556,-3.517370258652006
0.8528580150547875,0.14366540488475055,1.0,0.38532463190380817,-1.0,0.9595913298422426,1.8183144633936172
-0.8965855964208154,1.0,-0.4543729252511044,-0.7575208483053907,-0.3179214171220233,-1.0,1.1896526140676182
1.0,0.35845260717052896,1.0,0.9407094327539396,0.2090037756974129,1.0,-3.86734773699651
-0.3713820057269104,0.7912740169034421,-0.742211177017598,-0.7164985491587531,1.0,1.0,10.995494261737553
0.3094406256901483,1.0,0.24860126426453322,1.0,-0.9837873811286667,-1.0,6.577276227207537
-0.858336782762578,-1.0,-1.0,0.515778054582314,-1.0,-0.39851868129691503,-6.399880531106648
-0.8808008844449231,-0.10018394449591761,-0.11770216188831761,-0.5440968179794681,-0.021369273936689748,0.6802131539352478,0.41336924722193696
-0.3228510182271873,0.31921246392752745,0.8992164319462328,-0.04303734194498332,0.5061503647233918,1.0,0.8130733638622055
-0.5327414795867759,-1.0,-1.0,-1.0,0.8954277613352335,-0.462576320806173,-3.6287587010598146
-1.0,-0.8775656150972357,-0.8677486635680277,-1.0,1.0,0.24926661294771468,-4.841090714971183
0.23974232256697414,1.0,1.0,1.0,-1.0,-0.5063426655684409,1.7467746774924837
-0.6479708582864121,-0.30730090655492015,-0.49069459354055533,-0.3795921480608966,1.0,-0.1900287687808111,1.185035082520904
-0.221445277438996,0.5619167185101115,-0.5227573806705438,0.2191655945384126,1.0,1.0,7.408882916520526
-0.8654169278894668,-0.1444767686400783,-1.0,-1.0,0.3915061396090263,0.5227036737118704,0.17405890392957074
-0.18536046481460022,-0.25665831186526233,-0.3341817506099971,-0.8414049978117548,-0.022017512021785812,0.3629839854342459,0.009364984737232962
-0.31812586370897983,-0.5402800659501781,-1.0,-1.0,0.6592923346945678,0.6339594766246249,-0.007634345017665148
-1.0,-0.4038103046854782,-1.0,-0.6153511640418399,-0.25484737964743687,0.7591441651457316,1.3636974955034336
-0.7354078560555077,-0.4777274125765292,-0.9842337119098608,-0.5483290977689963,1.0,0.570703938152537,0.6814081823016426
-0.1990691056963852,-1.0,0.629995947794509,-0.09054704405081704,-0.11304677829900844,-1.0,5.747549342549104
1.0,0.7178302264366503,0.6173843938671175,1.0,-1.0,0.02515322870191783,5.282827629679924
-0.4200929517749239,0.43647146496821077,0.39290574800093486,0.9628334399436644,-0.41637081185590796,-1.0,3.1052501718236334
-1.0,0.049733429974819554,0.34672084845448714,-0.564969163448608,-0.5179430320169914,-0.04565679494762487,-1.6247479083748362
1.0,-0.2928121946992852,0.6250932640506285,1.0,1.0,0.0700757380676581,-4.446804985492651
0.35597497871611017,0.19389646158631257,0.5723176482918519,0.22852607634339672,-0.6371574623408108,1.0,2.4645196181457223
0.9786234361645569,-0.958288128738562,0.2665964832079277,0.12875441879996186,0.9890929648150821,1.0,-0.9417830836710498
-0.2328710666629754,-0.1725116045898354,0.5645567375213634,-1.0,0.2074563358180107,0.05241798876253029,-0.15479948028981022
-0.5304110680094222,0.3044624144787119,-0.42400248565946297,1.0,1.0,0.08491539561372627,2.31521439963257
0.6509673653192593,0.3627087496587725,0.8133420256254356,0.35652085435155567,-0.5282451931057905,0.11693219788156328,1.7717504012937981
0.30453772759687037,-0.31972094100955395,0.7065127540410178,0.4864410804909556,-0.3980155694149466,1.0,0.9226706172537475
-0.4019800341398204,0.7983303969130935,-1.0,-1.0,-0.017835558033619137,-0.4576850443885644,-0.7906120937323624
-0.5083047631552711,-0.24725507336659552,-0.6429823131582391,-0.6667004872004199,1.0,1.0,6.924717793470753
1.0,0.8162322940199562,1.0,1.0,-1.0,0.6480175370438536,2.4547691415041375
1.0,0.5801318373080899,0.6198167924619262,0.3742023696761583,-0.38147711553960806,0.4066602889942021,1.5964630342379111
1.0,-0.01866587770147643,0.25440367174286704,0.22378880956837344,-0.71468958335675,-1.0,8.144080481443766
1.0,0.6389548360307866,1.0,0.44751227368293756,-0.24239466233654855,-1.0,3.7529872995165228
0.17605226793241407,-0.09059386032217315,0.5341915918004758,0.5355539969768371,-0.02292478156321448,-1.0,3.494790396077156
-0.3239293288976077,-0.3628147958048208,0.5441571535246651,0.3272071922930869,-1.0,-0.2365352629690196,-0.8346430966021778
0.4106134631312962,-0.0022079567339228223,-1.0,0.187565827726641,0.9662707820264118,0.7225067683548096,1.536972994014435
0.6355918234772735,0.9406431958570736,1.0,-0.4809081054855857,0.04170651257534225,0.7539862908247632,-1.6615062796711146
1.0,0.6191732805795589,1.0,0.06598785883783681,-0.7907926724097791,-0.9444188839708547,5.4058002757695585
0.3938217119610993,0.7548443648456793,0.2886827579931811,0.6438335972926148,-0.6480151072920173,-1.0,3.626526050545768
-0.2392908745116996,0.21073392802310775,0.9749692899359996,1.0,0.6824624023787654,1.0,-0.8515887412277375
-0.04421496093429267,-1.0,-1.0,0.6548789190712305,-0.02755826238921044,-1.0,-0.29045706951608813
1.0,0.4015758717580884,1.0,1.0,-1.0,-0.6603638601058814,6.327826765363132
1.0,0.09624767367925402,0.09592988973522021,0.1399739878695967,0.3781043785814309,-0.7880551461216891,1.5221719039336976
0.8373665634255387,0.15207736688981144,1.0,1.0,0.5903554161380475,-1.0,-1.2790923599959398
0.5021714675177954,0.06507653772991177,-0.11761373912251821,-0.1844861742669281,-1.0,-0.3560606835522906,1.9132212048997892
-0.5881903939253346,-1.0,-1.0,-0.8580144622858108,0.4293200868360748,-1.0,2.5332873654185923
-0.4036162496101646,-0.6278655705094196,-0.31636681401548145,-1.0,0.5533513084379256,-1.0,5.878777629154217
1.0,0.1039593140808373,0.1935635128459154,0.44679546653894747,1.0,0.16764176111450357,-2.30070027569018
-1.0,-0.9047086150242818,-0.08473968885130923,-0.4046232919405388,0.16298797793973685,1.0,0.04668879685554156
1.0,1.0,0.17259577687764088,0.34446322502800714,1.0,1.0,1.1638739131814568
-0.29693158483532633,0.37018189823591924,-1.0,1.0,1.0,0.8230451304739119,5.331193348527398
-0.3173826466843298,0.06485841001889736,1.0,-0.6317929544875465,0.5779691018127572,-0.44809182542383796,1.0205469042794424
-0.14535265025628719,0.01455268824252745,-0.4012722481413622,0.054354954551234624,0.8600015633549379,0.2140358361181304,0.3485856799277517
1.0,0.9776938845588095,1.0,0.7583988607289225,1.0,-0.28779580430910245,-6.198691960620585
0.12161298216153882,1.0,1.0,0.673744777448718,0.6731584602328188,-0.37650364910785483,-4.497730639358605
0.1739891354150056,-0.5604357547513832,-0.858000118936566,-1.0,0.02204660717462259,-0.30037447018702446,-0.876357851942958
-0.8236745614265286,-1.0,-1.0,-1.0,-1.0,-0.18316337511002384,-1.0164742436202194
0.5704656986307945,0.37391442599195646,0.2701563201972963,-1.0,0.1428502864341345,-1.0,2.808509437802772
-0.705560640822467,-1.0,0.30568157912111127,-0.2846206630952126,-0.9281627532185073,-0.8072057216096757,2.2906991240197203
0.28186475612273637,1.0,0.49325667209108237,-0.4940864337921163,-0.36646766787069107,0.05722650417650901,-0.6117443939095359
-0.24299271989701865,-0.22443847474567558,0.49102509559647034,-0.6946417226671321,1.0,-0.7883410097257562,3.2586462004930286
1.0,0.26193099856418234,-0.34739843535135934,1.0,1.0,1.0,0.6546968928212453
0.1653758943592575,1.0,0.4463393502432338,-0.13407055068400398,-0.1391491051364906,0.5015415681485093,-0.4824533551174185
-0.2502593669185597,0.7189274017844387,-0.3032982965676629,-0.04441078888352923,-1.0,-0.8564759644826283,-0.7212215098281742
-1.0,-1.0,0.5157143625811104,-0.7859971632169902,-1.0,-1.0,4.982791706918115
1.0,1.0,-0.6555134473365649,1.0,-0.3898859836659648,1.0,6.579911485627856
1.0,1.0,0.28544322643985476,0.6194081682333681,0.4080829996967563,1.0,0.33978190821260745
1.0,1.0,1.0,0.14844738800806068,0.9993546553642396,0.7681486254862997,-6.438166461196197
0.5808151944721189,-0.26159305883159667,-0.9020823258566535,-0.11334024649590085,1.0,1.0,2.117102761588158
-0.028347418513644973,-1.0,-1.0,-1.0,0.8370878683403524,0.3020907610749596,-5.380770527813212
-0.35002217568072946,-0.3318824045092822,-1.0,-1.0,-1.0,-1.0,2.0262312780974754
-1.0,-1.0,0.5939453677350017,-1.0,-1.0,-1.0,6.766000983835425
1.0,1.0,-0.6019207392045647,-0.02987025037583875,-0.5823856257219873,-0.9894354910658048,4.765454525103064
0.3578689165917379,-0.8006790242023487,-1.0,0.6191423698460456,-1.0,-0.7053237416791936,0.29598553278565115
-0.41159852653684126,-1.0,0.5561926118017289,-0.7612541795420128,0.7811837894674379,0.35058868365733686,0.9084600570291104
0.1030507385392252,-0.4735873094422284,-0.636320122673417,-0.7843810146844175,0.45085677703020927,1.0,2.527601242550694
-1.0,-1.0,-0.4048873006499103,-0.8840852750749023,0.19900657920648168,-0.18798467143796704,-1.281802097425822
-1.0,-1.0,-1.0,-0.6394000431807618,-1.0,-0.429059316031302,-2.5881275708025426
-0.42590245835370744,0.7005415318070949,-0.445004842984779,-0.24354030640347402,-0.8045715182341742,-1.0,-0.6551665329626835
0.3782669700122694,0.772789137091415,1.0,0.5836860553469236,0.37846780419109205,-0.9202790824547515,-1.1215936263474557
-1.0,-1.0,0.33279273453279257,-1.0,-1.0,0.018411768220827296,2.6776838260901603
1.0,0.3123555276327967,0.2442438178514006,0.17990305477383073,0.04993931955600181,-1.0,4.737009689412117
-0.19732019029503345,-0.39846756505671954,-0.36580112643335005,-0.03805330531746842,-0.7705623577963883,-0.36421049353427404,0.35760302342443395
0.0531233304134236,0.24837691201984818,-0.2702362096924587,0.04535447074080756,-0.8058497377040343,0.6719790976245017,2.316874460669894
-0.15500565676509148,-1.0,-0.07573955721537118,-0.7062564409320149,-0.354401753145707,-1.0,5.0501445640551355
0.37520665544078735,-1.0,-0.397435373545194,1.0,0.6164059137812207,-0.06676803181003066,-2.8963441140992336
0.1838135912858765,0.9265468998493167,0.9838472000778138,0.5331463168851377,0.5020804064199619,1.0,-2.8210685511897315
0.6353923336504923,1.0,1.0,1.0,-0.8016522016076283,0.6529235770058559,-0.8941836930844175
-0.8719384623099447,-1.0,-0.549789024443258,-0.8457849062915146,-0.3479685568486566,-0.039020999890652996,-2.8035972839431125
-0.9900317003116319,-0.1496146194928593,-0.7252366934492437,0.5099075012574923,0.6833394518245883,1.0,7.120868279374654
-0.7279836542342462,-1.0,-0.5275050456210941,-1.0,-0.7022713287187391,0.06908562951092773,-0.5729171752190574
1.0,1.0,1.0,1.0,-1.0,-0.6530233249719529,6.115294909747652
-0.1605613743683061,-0.10157488235052081,-1.0,-0.9654083122577368,-1.0,-1.0,1.2447189723976946
0.7282610431824514,1.0,0.4716965763427432,-0.3638653113805188,-0.25288943869208635,0.9147399301721078,2.675751736639708
0.566494660894889,-0.49219849393308546,-0.7698228307967065,-0.6689934701290614,0.6989503022099967,-0.3288361706796158,-0.7472455336301033
1.0,1.0,0.47915595684476453,0.5925670054350858,-1.0,-0.312304787825621,3.943143890602168
0.3217323681645531,1.0,-0.4107486992198073,-0.2597154147313764,0.19733092411256897,-0.9603431514445213,0.7227706492894507
0.6740616354083564,-0.34793113093166306,-0.9055253134426692,0.778223473487407,1.0,1.0,2.251484724374184
-1.0,0.2793818888624899,-0.22793238574058894,-0.8441410233264591,0.00020371746313052608,-1.0,2.4868967114242166
1.0,0.14302702367045317,1.0,1.0,0.7565032381979766,0.5792848880831665,-4.988582544062817
1.0,-0.18304625274535358,0.5746819702620783,0.6160048703110796,0.3233542339031198,0.17246542418593658,-2.304147140048082
-0.8889129861023595,-1.0,0.12885121750269724,0.03782926585162741,-0.5796986185934452,-0.44035557477217885,0.8958117276086204
-0.6889000858371502,-0.8471029847786008,0.44217162615784567,-1.0,1.0,1.0,1.5726732276053523
0.09893339648561084,0.8156685827579204,1.0,1.0,0.13994200378085386,-0.6589074264674816,-0.6875922699061152
-0.7065177491333183,-1.0,-0.037029563964973145,-1.0,0.21118560813864218,0.7369868682094642,-2.142580531501409
-0.8425018370988973,-1.0,0.2854720739954354,-1.0,-0.475436648136507,1.0,-1.7058402366763363
-1.0,-0.02029819098460761,-1.0,-1.0,0.7065667057089235,0.7699375948395735,3.92641986728777
-0.3909882566241104,-1.0,-0.22103252849960153,-0.3390697353541505,-0.5241179576410848,0.09631471136551073,-1.207990328977932
-0.06989051168850588,0.5303114880904106,-0.8017958492621123,0.27990637771836635,-0.408567300420795,-1.0,2.8637649179932696
0.05901355510227024,0.32109970088551587,-0.517517725372973,-0.4615605281929299,0.5088038524804024,0.3710419978112406,1.132893947186396
-0.17840606825280803,0.15481324801366214,-1.0,-0.16215965636188384,-0.8648908819118726,-1.0,0.7405696042486924
-0.7437133373683811,-0.0008830238358698561,-0.7709750617095013,-0.7243386680556558,-1.0,-0.15162111365459507,-1.6193083142054483
-0.3011435003550387,-0.9959755215693171,-0.576456924886133,1.0,1.0,0.724829295840941,-0.215304183587105
0.8350059269811408,-0.3756560471090018,-1.0,-0.6495792425689482,0.5235355036644749,0.864702209830004,-0.17068444277606562
-0.383178312445976,-0.21038354110510515,-0.46628663158324246,1.0,-0.7049050050929249,-0.9853973964547615,1.5745673817730657
0.5595795001262291,0.4046329376261881,-1.0,0.5801726859755891,-0.5158722453935349,-0.6688139679144363,0.14752958664785898
0.1597002832759924,-1.0,0.49443322906425646,-0.8662085590835245,-0.6839050177966995,-1.0,10.400520871879424
-0.37400476075307165,-0.24251607873591097,-0.8176269412093301,-0.5013312905221333,-0.7427917425505486,1.0,4.7798363129205494
-0.8262563297013821,-1.0,-1.0,-1.0,0.9065789026111777,0.847850901522454,-2.666920827707787
-1.0,0.005705413271984719,-1.0,-1.0,1.0,1.0,8.775380828872317
-0.06473815485107304,0.720619162379413,-0.9493384202338893,-0.22379944251967426,-0.14507000543278561,0.36966558415600836,1.735166791265274
1.0,-0.16235299703509437,0.9970185870207546,-0.08507602075466447,-1.0,0.24555121074467268,3.8234251456224047
0.48234827375975653,1.0,1.0,0.24393935072610407,-0.20595817347179976,0.4414413443078872,-3.839079182815717
0.7495208554462407,1.0,0.47237257032851976,0.7486275441351176,-0.14722056113921922,-0.46359754867582526,0.39057098849898286
0.9500539608113792,0.027536154318261175,0.01972621610465164,0.5697304007519464,-0.9580573014435502,-0.5618398328454772,4.437899050008301
0.12623211402918333,-0.7892746290143944,0.6372129039855088,-0.1458702483147712,0.43826785410588287,0.022767289676272284,0.02750776723489312
-1.0,0.4451923143495757,0.4718550234398119,-0.8033685036921658,-0.3564792009146307,0.7478219464418351,-0.2688433786975777
0.9938396066554829,0.062404224740409076,0.022782627295746316,1.0,-0.7574936031128627,-0.20098707005536165,2.778786372216003
-0.44430380431610905,0.0007716392357478563,-0.6310598855319338,-0.20842435527378889,-1.0,0.2667774625436571,-1.9828288499143714
0.017399788266845517,-1.0,0.11672752447557572,0.33668119521296197,-0.09686014784808439,-0.8877046992353186,2.999892262678353
-0.5526938328654414,0.4264462391562709,0.6429888805415129,0.033908270711442534,-0.3399732201483785,-1.0,0.5366121954679357
0.503075580921073,0.7372032526514438,0.2792556281939351,0.9583194055688835,0.6074108100464098,0.10864011358233394,-1.0456069722299561
-0.6566999129469666,0.900260277239133,-0.5495656687567643,1.0,-0.7679782527326005,-0.77866467454421,2.3298572710247636
0.33495488460317246,1.0,1.0,0.14900651721472102,0.8969521653663742,1.0,-3.3657638314951037
-0.8874232766517822,-1.0,-0.9985011056852964,-1.0,0.6661126386885097,0.9848054403047224,-1.5610298405736103
0.8603564028122355,-0.2426743885834176,0.9973254050491788,1.0,0.8394109832434629,0.3501514552522278,-4.740682209441247
-1.0,-0.6783635802924464,-0.49515354864601435,-1.0,-1.0,0.10714103295474997,0.7659170483574649
0.8381428375298301,0.3815932079768134,0.8292305371813312,1.0,0.2500865183478914,-0.49294253641421193,-0.11179863965311918
0.5627703005584119,-0.8065798001276443,-0.09997579161798148,0.7118655724556671,1.0,-0.7214397550519779,-1.3052193474340021
1.0,0.22026391471786422,1.0,1.0,-0.4379547969394937,-0.6785883051166528,4.190851870337851
0.8059872570201982,0.22131634141784895,-0.04122638925565228,-0.13911546134376473,-0.6407414409723944,-1.0,5.169477608433361
-0.562996093631678,-0.14570591433076624,0.6839594331032735,0.3568433695763093,-0.914083725859967,-1.0,1.0675708530950263
0.4221405303387227,1.0,-0.6500270118028724,1.0,-0.976100768991672,0.0323942255489873,4.986524122767883
-0.06355940692248807,-1.0,-1.0,-0.4230368432667633,1.0,-0.13278564824250927,-3.349889903637099
1.0,1.0,1.0,0.2662394386653587,-1.0,-1.0,4.476013293685535
0.5732796746862058,0.14743373520079178,0.20861711994876808,-1.0,0.0800108273415632,0.5023221090399483,-0.43609263195299336
-0.56208787900201,0.7267126387333627,-0.43010747391460324,0.07523719082114338,-0.5726009906833052,-1.0,0.8180720904985537
0.17147362467246863,0.7089639598670773,-0.5847145578916078,-0.6618348776337749,0.8089890569036838,0.5670836272681131,3.918303541076247
0.5449889762544542,0.8888057023526885,0.06955991130139183,1.0,0.4426449944568862,0.18701342104249158,-0.45837839383356127
0.8702158560059464,-0.39692026557959625,0.6971802704744393,-0.2565073498233625,1.0,1.0,-3.3397030523898774
0.6686966795003235,0.7354690362007366,1.0,-0.1195693958121849,0.6662887505042111,1.0,-1.986385481846014
-1.0,0.7107510272311472,-0.524748981303159,-1.0,-1.0,0.6321205356916784,2.324995292467997
-1.0,-0.8222161736490478,-0.13588396629824873,0.08045258402334138,0.7192623505814911,-1.0,5.945376207906132
0.8022919393025498,-0.6075587399794462,-0.3542921326864715,-0.48549939031237327,-0.5655967117736295,-0.6602099882508052,2.9157931342067718
1.0,1.0,1.0,1.0,1.0,1.0,-9.58846916242213
1.0,0.32099041083599833,1.0,1.0,-0.9623435646418634,0.3272801743417687,3.061537377139759
0.174212559609084,0.9498942139526316,1.0,0.27680744108096134,-0.761506210025348,-0.5674369324924782,-2.2722070150112805
-0.5868249935906169,-0.8021321441879129,0.04443920897348639,0.008502356562794494,0.44081853026792467,-0.10312109511786015,1.0556375953043242
0.4034656120938943,1.0,0.6241594998202112,-0.6696618571623412,1.0,0.46438160728195843,0.02773108017420728
-0.9782038241829005,-0.09229647597186319,-0.25762542051243786,-0.6799760897203175,-1.0,-0.07746290037418824,-1.6239141620411333
0.21355150209295348,0.14165697770233754,0.16822717475456628,1.0,0.709502786282264,-0.467146436645255,0.2337638605964427
0.4821448916333896,0.7093663809969968,-1.0,-0.07446310222533947,-0.056294290232825395,0.3437391114908486,1.8332194031154765
-0.2054112429784788,-0.409610970064222,0.28613728147987216,0.8122174750826958,0.9398123328982675,1.0,3.6387021557578847
-1.0,-1.0,0.6258023845788865,-0.8454815699444026,-0.2656544634721313,0.10634487160735318,-0.4501887102713512
-0.11596892638625866,-0.8849991617240602,-1.0,-1.0,1.0,1.0,0.07822000360970388
-0.2580753309678714,-1.0,-1.0,-0.6599690340973572,0.1273358094509006,0.08326676956603565,-3.4480541732340417
0.41568113322770217,-0.7066186821591661,-0.026939195367524343,-0.36644578645918297,0.25059776911947385,-1.0,4.874867450543606
-0.9513215204825325,-0.7516058667128793,-0.5168299460053902,-0.11029505393080274,-0.7305048610057008,-0.5843946785847686,-0.5605105325427767
-0.7447558272537491,-0.9378861063492863,-1.0,-1.0,-1.0,0.3018812380528421,-1.8086843581817145
-0.28531480476563753,-0.8633409868532689,-0.44796345057758846,-0.7456090176123733,1.0,1.0,2.6854170743624177
-0.7651075777478569,-0.4647957643196219,-0.8534792920041495,-0.635883070492451,0.05506914287292386,0.5240913725542357,-0.5845356104277306
-1.0,-1.0,-0.636627945431421,-1.0,0.16634462342994916,-1.0,3.1455665595980897
1.0,1.0,0.1265013402196289,0.7457270544543029,0.6069609280788728,-0.33272165525284714,-1.0345360036941023
0.2210002787040204,1.0,0.45151047538812705,1.0,0.5700262166963745,-0.12008808512113167,-1.763415499227299
-0.3455129960594688,0.9042456354601397,-0.22133767529986345,1.0,-0.44144991903660724,-1.0,4.213932796228549
-1.0,0.2667226863635934,-0.528996403721802,-0.3957387940862602,0.9476818905610906,0.7389999380157899,4.394981408146656
-0.6235057267707446,-0.8174799814968869,-1.0,-1.0,0.9925374517939036,0.7476413720843054,-0.5646876467128151
0.18290191436825531,-0.3631649233977434,1.0,1.0,0.8826270075336562,1.0,-1.046484094363425
-0.16436889995465492,-0.04121339063648072,0.30556526735365863,-0.5065456373476669,-0.5977126001357872,-0.1102663052437377,-0.1135682410851426
0.7504430947651148,1.0,-0.7325190695988024,0.36871171101469935,0.5644070972633887,-0.23328412631592232,0.5055777561750336
-0.017625511978678676,0.7267559126933605,1.0,0.17314301120471287,0.8044721111336108,1.0,-0.5168805221866012
0.7873995832352336,-0.042710590974088525,-0.10249706379948927,1.0,1.0,-0.1219559021358844,-1.5296083939483334
-0.34241812320082354,0.3234696886579833,-0.7942382350498121,0.8517205285658664,-1.0,-1.0,2.7181141655142556
0.06419865690361387,0.6545460488926995,-0.10351096318714914,-0.2751658142821751,-1.0,-0.4531169345729924,-0.3297643679343839
-0.07454256178445906,0.327012234556442,0.3297483977949789,-0.06516339335817764,0.7986254881847676,-0.23139404037750028,0.30641825297824615
0.1982696483811397,-0.541192150658449,0.3366208133942652,-0.751520483439919,0.6122983455481817,0.7230636754003857,-0.5977256275675122
0.43597952588406047,0.6596118330487797,0.5441874656117072,1.0,1.0,-0.30096669515577357,-0.894006736615485
-0.7664735479030225,-0.9449409818441195,-0.8359754561056862,-0.38246748481705783,0.33966793038723087,0.22943725976426063,-3.14605403088871
0.7648148290023797,1.0,0.5382332067588962,0.7441289389830503,0.21712038441197545,0.3511340743485746,-2.8109259886666123
0.945631523211296,0.7499530600656279,-0.29763519502250313,0.6651217633209662,-0.11216308815516428,-1.0,4.423371852323581
0.11424353463187609,0.10473373966609656,0.11356256972191395,0.6477157380540447,1.0,0.6094925065750765,1.2900473457645512
-0.18342202901021293,1.0,0.4842588050107538,0.12962608828148542,0.6072843536785901,0.7488288944252914,0.639298172176084
0.817369552105127,-1.0,-0.6283112173172098,1.0,1.0,1.0,-0.030158059000868542
-1.0,-0.44439157242536353,-1.0,0.71104905222846,0.16813384488013883,0.18300585486451604,-2.285471663838261
1.0,1.0,1.0,0.6014985278940395,0.8008427266322876,-0.19791326155291977,-4.47736925448376
0.6286222281997387,0.29389540868112,0.09413302579583294,-0.4629591936028659,0.06893060007951246,0.0921940085038307,0.08318334326715617
0.9429917651762509,-0.09699979926656987,-0.19604878080566696,-0.13048554517993777,-0.4925890534047872,-1.0,6.001429961463434
-0.14917682961071044,-0.19474111473175065,-1.0,0.3665954064590625,1.0,1.0,7.913346590370216
1.0,0.33490641472348237,1.0,1.0,-1.0,0.07621020053500471,4.24967097130252
-0.1960590430081629,-0.01775294799821131,1.0,0.28039097371064303,-1.0,-1.0,-0.48567002045288343
1.0,1.0,0.9331198665847504,1.0,-0.15151240798748722,0.11923672802868501,-0.765904241325376
1.0,0.13371464807920064,1.0,0.5796807268005503,1.0,0.6311875596784282,-5.7082944714921835
1.0,0.38042574703700044,-0.19785432722341081,0.7687489409566867,-0.4439777745086794,-0.8658916267802717,5.380188461436307
-1.0,-1.0,0.0844408570247186,-0.6656570952005503,-0.2690603996092953,-0.879619610604173,3.798967665675028
0.866626356646101,1.0,1.0,0.9770498627984645,0.9851608227941855,0.23950418604706702,-7.967552123004729
-0.39702415791046763,-1.0,-0.6243231016036863,-1.0,-0.3855246812616327,-0.6306800714405152,0.38479043743898683
1.0,1.0,0.705933348375207,-0.3949401058514844,-1.0,-0.036071774078701324,1.266084071795462
0.3346209171145329,0.21773253312837282,0.8172894944769573,0.09940545227213493,-0.08206690330720257,-1.0,3.576462241056301
0.6968958478868088,1.0,1.0,1.0,1.0,-0.6348506361028075,-6.365391076927425
-0.5857339051967811,-0.932169732474171,-1.0,-1.0,0.6448423638780896,0.32402752446227867,-5.587202375716172
0.5744295903514791,-1.0,0.08591882924344074,-0.03441235711225005,-1.0,-0.3929856973242212,4.017031592064643
-0.5616002064257841,1.0,1.0,0.7727821349852876,-0.1714814798684643,0.46092930836586155,-5.1738879494838805
0.2481991770663623,-0.5269388298306767,1.0,0.9803497039458032,0.3988103461062013,-0.8295623145992418,-0.19029234784916352
-1.0,-0.2096883821900588,-1.0,0.3463674185248898,0.6674416632258968,0.6342393083798139,2.369571591881753
0.3213478863474375,0.06875150404801544,-0.1906076291762798,1.0,-0.17461364807381885,-1.0,3.6645303815272703
0.31348491934851874,-1.0,1.0,-0.10843226105841058,0.2790368839882633,-0.11967202274002642,2.810560344335994
1.0,-0.7401925074918609,0.2437405427612458,-0.23326618490905376,1.0,-0.40479686297085266,-0.8034536152445997
-0.4812723752852648,-0.39608375471920065,-0.817575960003248,-1.0,-0.3414800114428803,-0.1967116631773057,-1.0817570215951113
0.3390863878480132,-0.8424279892731028,-0.11107737169737339,0.5044711946275326,-1.0,-1.0,4.487529051895423
0.35253574235860635,1.0,0.8646038797770638,0.08052525239405,0.9729104258440255,0.3778362840160241,-2.555201157074039
-0.6789019892176362,0.19536813390322227,0.1467683586984687,-0.20925146408366446,0.966789135957375,-0.3312729077970303,2.729180500398061
0.5304982620687944,-0.30751848424892736,0.4277563253679561,0.501595405291081,1.0,0.42942899827228004,-1.613348490317038
-0.008095516558780075,0.6745142715964353,0.9033116065827527,-0.2221977514267903,-1.0,-0.7526143121458647,-0.7866119961066609
0.461223284065552,-0.14028901594224705,0.06651015072865399,-1.0,-1.0,-0.18470172301938925,3.379145583469762
0.5276526789279767,-0.5114452525169497,0.25111836252285247,0.9967266784001172,-0.020642562535552078,0.2178189376683472,0.2655956643699866
0.010586717952396296,-0.10089689558362197,0.18602878844153437,0.36196458519816177,-0.028108778561658054,0.3108756124638944,0.7805336538113106
-1.0,-1.0,-0.945529948079332,-0.28221494873613207,0.542238524406941,1.0,1.6861348765506774
-0.3971808330366449,-0.26354704900475723,0.5617669188517522,0.7775883661370131,-1.0,-1.0,0.5019844520787057
0.1797199206136046,0.0986558868115126,-0.7136576097018713,0.7116909806465089,0.10162938082776363,-0.9150190075522064,0.8172448400532082
1.0,1.0,1.0,0.8087662742120516,1.0,0.8107829010138697,-8.529841431944455
-0.027828646887159914,-0.5352415369995822,-0.9496151444132069,-1.0,-0.9246628248917338,-0.30426074837807243,0.7595593461755369
1.0,-0.3620447733643546,1.0,0.6075306085952517,0.4366945760292169,1.0,-4.572257735814162
0.5634199687237529,-0.41189788768892616,-0.3343034171209346,1.0,0.16335645796678655,0.5917096188111476,1.267366803370187
0.8073075643240311,1.0,1.0,1.0,0.9222001150870016,0.7348386060069014,-9.424607063687423
0.11382005492327696,0.7176772641285527,0.6569427244983725,-0.37882190808313027,1.0,0.12360562205990444,-1.1064916497450152
-0.6316718785726951,-1.0,-0.013966656745102668,-0.04869696084160924,-0.35413898612125505,0.15649918269393526,-1.2525386534677252
0.014786342893945259,-0.9775989148075387,-0.7454958918057492,0.9238712268032366,0.6469893782060874,-0.11607752762272283,-2.4710119601471607
-0.791569247318157,-1.0,-1.0,-0.5242349783846059,1.0,-0.6312274720406812,-2.7184651205088564
0.4744182049451362,1.0,1.0,0.626477371945783,-0.4771943481801686,0.004838141631865717,-0.2553692097079896
1.0,0.28089851863207005,0.0664354650843514,0.4131862166859792,-1.0,1.0,6.741644073123672
0.6292307881410468,0.699282722432441,0.19244340674547783,-0.5705316869538317,0.691088508553033,-0.6428858281523506,-0.019715573280307708
-0.32867264826814935,-0.4994322316849018,0.6089024575327204,-0.8664473245314992,-0.90929306493498,-1.0,4.158782717689604
1.0,0.4157497106829392,-0.6020975985760351,0.6012082252691832,1.0,0.5107772323413913,-2.4455112094587586
-1.0,-0.7784710843427252,-1.0,-1.0,0.4635372826107496,0.7443806159891622,-2.5550277731380233
-1.0,-0.5428898184435549,0.9700280201586187,0.843150158467989,-0.06259927211334215,-0.5935274402878123,-0.02831281369824218
-0.3494202137380841,0.049501478541444044,0.571762221601102,-0.1198944794748723,1.0,0.39509776000098296,-0.1424763352279892
-0.2134632850883899,0.1751493987551872,0.7013431735844595,0.7710827511332891,0.7828765702016895,0.2871696778710224,-0.7295403088559669
-1.0,-0.7345574772939203,0.5385639594118348,-0.8130943637821335,1.0,1.0,1.443498136241736
0.2511275931000084,0.39099027803911224,0.03718633560716854,0.23907658490536676,1.0,0.4746115667983012,0.6512312256650656
-0.5675446328274695,1.0,-0.15439588215176275,0.8884771468198436,1.0,0.3347379492732717,1.283958993839045
0.4300033085672085,-0.4137312841881276,-0.11075125420518406,-0.45797765606790874,-1.0,-1.0,5.056368666444
1.0,0.7199185790257072,1.0,0.15382583787013182,-0.5893192051033761,-1.0,4.57870437882072
0.36755650317526267,0.08168623398217531,0.9951281805022683,-0.8030395415045518,0.6989840591354998,-0.17775465235058818,-1.0190653837661718
0.6897597381644818,0.8025114132585109,1.0,1.0,0.5959172127410668,-0.3360233391586065,-2.6061521662826608
-1.0,-1.0,-0.03716732285915175,-0.6925713329802743,-0.7263248084746156,0.9275954902356248,-1.506468365222563
0.848180218932085,0.46406000181441687,0.7803127411509834,0.09459819581071649,-0.8954941629384847,-1.0,6.897143141744157
-0.6093372340773983,0.23583855267062878,-0.4988160575827051,-0.5649445568177138,-0.25043433847381574,-0.12578775901182,-0.9101233994637574
-0.836811270268329,-1.0,-0.4478246674374839,-1.0,-0.16295073383063424,-0.14844461262578618,-1.7770621311837778
1.0,0.34549528432573906,1.0,1.0,1.0,1.0,-6.89163069177529
-1.0,-1.0,-0.36647858893934093,-1.0,0.7987915490663403,0.09125589078879012,-1.7344406404694535
0.5908045156305894,0.37273535343358705,0.8980760043202065,-0.2785159648054598,-1.0,-0.5898759541138001,2.1528008292864302
-1.0,-1.0,-0.9478161671756277,-1.0,-1.0,-0.4893958924281411,0.3736041086808032
0.8038765579856084,-0.30944689791272506,1.0,-0.6535950647260389,1.0,0.854468759173276,-6.452932877333573
1.0,-0.9223007848144366,0.5659015945119507,-1.0,-0.07259969324553567,0.27091068279781194,1.4049583001730175
0.9238958348572626,1.0,1.0,1.0,0.9065617040671774,-0.5869678300866563,-6.2404640981617
-0.415997531765555,-0.63799897874913,-0.3354527340769108,0.2700118722136859,0.16370120180976233,1.0,3.3971255982257307
1.0,-0.17813546900101151,-1.0,0.211268545745875,-0.6468561207020991,0.12384642253719313,3.3253888804395753
-0.7064409089175365,0.10469200619727592,-0.5949117724565318,1.0,0.5087611859702533,-1.0,3.860161618851822
-0.3059874516549741,0.3055825629751228,1.0,-0.5988447007898873,0.06594576228588545,0.9460928036204908,-1.5201260876607525
-1.0,-0.9572168761442221,-1.0,-0.7908788094110168,-0.4291551470387339,-0.9439321170867271,3.3638919575604223
0.45339714152248944,0.36037856324161216,0.16670381241740503,0.09268241025564594,1.0,-0.12875657741025448,-1.537573674218915
-0.3194051416581622,0.28598115534479673,0.9597989524703096,-0.14052846342417968,1.0,-0.23450285996809578,-0.2676252951197623
0.21778977419890228,-0.0900677861124431,0.1077796125035646,0.17102008102414037,-0.2239455418142111,0.778852328275908,1.5951507477675968
-0.5698273931935949,-1.0,-0.9347868044730878,0.6165337221964687,-0.2610232913928937,0.33761382625302555,-3.444586128070247
-1.0,-0.7749008462123319,-1.0,-1.0,0.8730780282512925,-0.0019315617223492343,-4.066721783462283
-0.0535992172211871,1.0,-0.05086204685674395,-0.2615465036218463,1.0,1.0,7.51713858917829
0.8106398780306672,1.0,0.33631610168758874,0.8665109099538684,0.8109347518470115,1.0,-0.26073315810339565
-0.011190640853315559,-0.566235318445063,0.6434021192092289,-0.427730389261177,-0.33194172170322034,0.07241400100694234,-0.4767177894615031
-0.047517030904959096,0.08374712933618483,-0.9905715299712585,-0.3859971893819303,-0.9177273469393818,-1.0,0.36793103844492137
0.5299136056837973,-0.13654004614121934,1.0,0.5372008025430239,-1.0,-1.0,4.028039574099909
-0.41218561265674314,-1.0,-0.3972304449447869,-1.0,-1.0,0.6951973232994986,3.5483091817088543
-1.0,0.5977981170609109,0.30064390423667625,-1.0,0.8417281836116959,0.9726363427115453,4.657327103074882
1.0,0.5281289090675092,1.0,1.0,1.0,0.8792239964991466,-7.310231637947757
0.9125853064456155,-0.6980698104241527,1.0,0.3014673442149636,1.0,1.0,-7.107818141562338
-0.20236947163426433,-0.6513024811542583,-0.14494556620216748,0.8587631551542616,-0.36645331915678314,-0.99849593651544,1.0859771676442913
-0.7735886777445526,-1.0,-1.0,-1.0,1.0,0.5767361625178353,-6.330208628134386
0.36380811014099634,-0.012074013653808224,0.7289427642934645,-0.13815184109040535,0.5348691827135281,1.0,-1.3208310912912549
-0.15506276145469347,-0.43378135289646624,0.3495852504678616,-1.0,1.0,0.5714288412190418,2.468281868406171
-0.3296456044792763,0.195323685324503,-0.8170285428990017,0.5786785597764799,0.776656054904354,1.0,8.3038576706127
0.9974988942195808,1.0,-0.7072075484318642,1.0,-1.0,-1.0,12.322168618314226
1.0,0.2508302099035262,0.5803461981977267,1.0,-1.0,-1.0,10.339160840305624
-0.9698276446729273,-0.6345965545168315,-0.6659811122855295,-1.0,1.0,-0.2091817009504553,0.45578485248392153
-0.43230071007318327,-0.8125915707853015,-1.0,-1.0,-0.5912264931636708,0.1453175791164889,-2.8746508873021623
-0.032167151947556566,0.756455710593004,0.37618359398227585,-0.3111208311776694,-0.49272726022143776,-1.0,0.996760104593808
0.24886526899213224,1.0,0.40942551663022075,1.0,0.1852550215311691,-0.007375548375772145,-1.1498262929918637
-1.0,-1.0,-1.0,-0.919263738466635,0.06940866112093463,0.6257329334510253,-5.7150664943772
0.22655445235635652,1.0,-0.5137719541513552,-1.0,-0.07840156118198724,0.6425953787205607,4.338376246025964
0.26534203254694266,1.0,1.0,0.6929443691858759,1.0,0.8847191837331401,-4.539694696607224
-0.5417033200003998,-1.0,0.0002812662811266242,-0.4107215304490584,0.0018880862542554055,0.05603155403116647,-0.0407180474064536
-1.0,-1.0,-0.5489476003781002,-1.0,0.32938453160403136,0.25595476658101135,-5.2290781525371575
0.17566129089986632,0.059603325599618395,0.3669577940709907,-0.7140140847834695,-1.0,-0.7173731527803835,2.7125620680737863
1.0,1.0,0.3441536895991315,1.0,-1.0,-0.5472941357159273,6.723027272811381
1.0,1.0,0.20517201514425198,0.3912456709390532,-0.7364467196437224,-1.0,6.310956632426362
1.0,0.5221740176442784,1.0,-0.15257941519738982,-0.5013985082575381,1.0,0.40848878519677123
1.0,0.35030632571300324,-0.42362937665218847,0.15453349383083725,0.9366340938888486,1.0,1.0501149803174226
-0.6083960546528387,-0.022534365536769407,1.0,0.9188121646126524,0.614458403740517,0.24533420082901874,-0.9431124222998459
-0.020472352653496895,0.3321359307108952,1.0,0.6928799947385956,1.0,1.0,-1.027135792311788
1.0,-0.7367098677919076,0.4231737763432215,1.0,-0.66774316190844,0.9593822698763652,6.77744994058653
1.0,0.21170934960573629,0.5329934536243082,1.0,0.4109171833621986,-0.41385025146725385,-0.24352521969840601
-0.4960542499881275,-0.40999224110749843,-1.0,-1.0,0.7848154656216562,0.5323327803691458,0.481295036781356
-0.23943559226985744,-1.0,-1.0,-1.0,-0.43457539433116754,1.0,2.132493622820855
0.27120631640578474,-0.3197170058214198,-0.2800751962563722,1.0,1.0,1.0,5.4971623601783035
-0.33592706325023336,-1.0,0.7088148981837465,-1.0,0.23175943390103193,0.8390628636215249,-2.937873062203849
0.8662449281694218,1.0,1.0,1.0,0.8259092131630983,0.6913530723197416,-9.17707520844667
1.0,0.3124678239412253,1.0,0.8690758687424311,0.5377618626466686,0.1731752839445621,-2.5009323762034734
1.0,1.0,1.0,1.0,0.17553406386191334,0.6026439247535373,-5.763494763520343
0.5080897105209627,-0.4472706032381244,0.5128577838865854,0.4645550466211912,-0.41709509273150475,-0.23896885586983302,1.2720664091029779
-1.0,-0.41935810774855065,-1.0,-0.40346211286812417,-1.0,-1.0,2.277355277068598
-0.4124437748081353,-1.0,-0.1388854710581744,-0.44165070163497444,-0.08149105160649395,-1.0,5.957078031050084
1.0,0.6297461470251122,0.4581642425386374,1.0,-0.256092157003436,0.1980179636487326,1.5524145072334787
-0.6262840918585444,-0.6502280288252208,-0.41581659529378384,-0.9215865809537005,-1.0,-0.1485169270082236,1.373058417250263
-0.7327663731903351,-1.0,-0.44536137618905114,-0.6458781344759456,1.0,0.1288503910830156,-0.7805423678375139
0.06895070396276937,-1.0,-0.8939051378036476,-0.36408912203471866,-0.7555634656722529,-0.9875681666273433,2.728149764611763
-0.6582963829666278,-0.5393628854806711,0.2730350982270533,1.0,-0.12951491331258957,-0.19870234059497227,-0.07323200770064367
-1.0,0.04592419448155016,-1.0,0.4948515585658375,-0.28874342662633773,-0.2771829392288733,-1.1172369193861946
0.3080435561060544,1.0,1.0,1.0,0.5020007693910795,0.5689387473343889,-6.421360137438748
-1.0,-0.9853071450839475,-1.0,-0.7780904390100978,-0.8938029218189318,-1.0,4.960468014969383
0.3018505231011671,-0.7270775276402712,0.09662699138374242,-0.19562415607713723,-1.0,0.6101047823666095,1.2630211762309842
0.12281146065670734,-0.45698721534727477,0.565934439140745,-0.6218338833567478,-0.29245662178757714,1.0,1.4257523559932481
0.3846899065515398,0.09865348898588117,-1.0,-0.056063722353179246,-0.2893195689678144,-1.0,2.5294455982864053
-1.0,-1.0,-1.0,-0.45295802056776635,0.03627600549429544,-0.5174502386361027,-1.9644546068174584
0.5140449940109704,-0.25025442584282465,0.46519828878977787,-1.0,0.6765387753858881,-0.9351066847569081,3.563428116745673
-0.2592312369340448,-0.7616169524047568,-0.1708226524620728,-0.1594384285228061,0.3024826607575717,1.0,2.6148824402765003
-0.41262571212667054,-0.8610296156053423,-1.0,1.0,1.0,-0.786673528539844,-2.8558611433517984
1.0,0.6950418774418758,0.3516605151867298,1.0,-1.0,-0.6686625176469134,7.060725939895948
0.5354920594985292,0.041504899100405446,1.0,-0.21511082843962692,-0.20322720064442423,-1.0,3.9583974181456636
-0.21468155082310825,-0.19657408062074055,-1.0,-0.7992963265152122,0.3072357580105919,-0.8407542369575253,2.7233872058797877
-1.0,-0.09793277980927888,0.5613517022904028,1.0,-0.9842439376980718,-0.8272265498944389,0.1511367089852511
-0.8744685882082521,-0.8441887551368983,-0.4505807174048966,-0.7720025938372495,1.0,-0.0009443572381037657,1.0343421346514965
-1.0,-0.0834661360023039,-0.12928466708933273,-0.3965787435552507,-1.0,-1.0,-2.196891766098634
-0.1904443106661018,-0.37488985800811964,-0.42967950172914,0.49990155115652546,-0.0570037499269187,-0.9228992596937664,2.184844172829475
0.6711887830956316,1.0,-0.15984405981262806,0.5184220343013556,0.16877550237535632,0.28394850962519524,-0.033308989187545046
-1.0,-0.2187601386793112,-1.0,-1.0,-1.0,-0.35551019817918217,-1.2423700137784282
0.2597081422479749,-1.0,-0.3867963077889573,-0.687456606224641,-0.8846039108231885,-0.5193494723474483,3.9018304589893495
1.0,1.0,1.0,0.05096574862636016,0.2568985388089974,1.0,-3.5318899514182043
0.5734926120403505,0.09053318123311077,1.0,0.4693374072109189,0.5689988900435097,0.08139795874369271,-1.8953230026242796
-0.4669811105132989,-0.664828685952467,-1.0,-0.2952621697226938,1.0,0.9599719263385942,4.647227108658077
0.04361051035047536,0.8765970126929599,-0.32292137327087544,0.40888965135295996,-0.3042232715727277,0.22935102946910269,0.9388797517159972
-1.0,-1.0,-1.0,-0.23468908757682594,1.0,1.0,3.1466188465252105
-0.3070052410266093,1.0,0.2572432144714907,0.906751766989073,-0.07924822745490412,0.2069869836230721,-1.3361567773303302
0.7697882931828092,0.31261295211446455,0.45027481648344786,0.3646503540875262,0.21260785980603303,1.0,0.7434572193080908
0.03376145389189436,-0.45962947567270246,0.4020871723237902,0.7197223942902752,-1.0,0.5235782570201937,1.3050140451008387
0.014573634342454289,-0.6709939683043998,0.38161462966787163,-0.9489702514104426,-1.0,1.0,5.593408859671938
1.0,0.5254465005409281,0.49615354225234154,0.4412165123059215,-1.0,-0.45233401633021475,4.218847864025848
-0.8046160505877824,0.7057936126253721,0.8439164549096979,-0.9422243239863654,0.3794792318574796,0.2942586674144493,-2.1792530374739196
1.0,0.8316882147947615,-0.7644160125634477,1.0,-1.0,-1.0,9.010169308234474
-0.5012991885723065,-1.0,-1.0,-1.0,-0.6140134327961267,0.15453443281440082,-3.0703074323399426
1.0,1.0,1.0,0.6710703251872041,-0.3682712487400803,0.20149914834347893,-0.9901451962833212
1.0,0.9537565223298732,-0.21205357869015573,-0.29181609429242383,1.0,-1.0,-0.6705223149993009
1.0,-0.14563941701201027,0.08644900802938427,0.03710008551817423,-1.0,-1.0,6.659049003642165
-0.39151535435023166,-0.6062352725312685,-1.0,-1.0,-0.4997506332972783,0.10749252567233741,-1.429555921214186
0.7931953305882976,0.6564457817517609,0.4431773164584455,1.0,-1.0,-0.32340498195747425,5.059953003106754
-0.8449627230732442,-0.6494591541062296,-0.27104678845052677,-0.8773077627626991,-1.0,-0.15223382064502133,-0.1737815755549923
-1.0,-0.4000829285150248,-0.2713299469690339,0.5775058615114382,0.3453909166170561,0.04260004657687433,0.6725661358386935
1.0,0.4972175185336374,1.0,0.5294142140643872,0.5143392974680746,-0.6546556145026132,-1.1828577548451171
-0.9923363293499343,-1.0,-0.11163732784661673,-0.2434574542786665,1.0,1.0,4.30245549996475
-1.0,-1.0,0.9306402238748532,0.08178083901921002,-0.31288666768235157,-0.29277693594488763,3.424926491898443
-0.0982953068441233,0.01378288766839253,0.48075748200325796,-0.9722149249142934,-0.050938384713143825,0.20696622154550992,0.30277721303037386
0.9823777386000798,0.7304082024247123,-0.010000121046915833,0.9765478333601874,-0.3463691617549366,1.0,4.892435850213678
1.0,0.7622050941602968,1.0,0.6553984953502123,-1.0,-0.13550470712531015,4.081148873335032
0.7035613413626944,1.0,0.5307333227381904,1.0,-0.10152636455971509,-0.5129845341248663,1.604405825719207
-0.7927738683159247,0.7287680782674693,0.6996365456343657,-0.928197767195392,1.0,0.546488271599193,1.7987674243862233
0.23995133463169993,0.6987092966486546,1.0,1.0,-0.40641973449702135,-0.5144782221685931,-0.3058098155079434
0.627376702217822,0.010943301379882198,0.6425142803201707,0.15021263660425824,-1.0,-0.16010534205310423,2.7529784426438515
0.25556424350994356,1.0,-0.9009009266723598,0.7583019005443394,-1.0,-0.17022552284620573,3.905452632559699
-0.03517372093501833,-0.6411126516871528,0.2961488271885037,1.0,-1.0,-1.0,3.8973520805823787
-1.0,-1.0,-0.06249003602821279,-0.6993185535678093,-0.06518141406529832,0.594415772519209,-2.537435133750397
0.9385428995885158,-0.45309444225138673,0.8099200447689203,0.8949984271861362,1.0,1.0,-2.3584357061166403
-0.40629274720619557,-0.2090392208113224,-0.290136477580059,-1.0,-0.42957915459918306,-0.837118720430884,0.6554382048155695
0.023826265023278448,-0.2637939366698048,-1.0,0.4717994435156853,-0.2596117982069377,-0.9118173586617637,2.4926737443696636
-1.0,-0.9023909582046535,-1.0,-0.013563510135307322,-0.8982033365494261,0.9358002672671837,0.30020388192629405
0.5903200416892284,-0.9461780237635358,-0.08527823810208757,0.06517338441248446,-0.4172212294554447,-0.26786847398993086,1.1089730962114839
0.7483466175137918,-0.3733604531354105,-0.2898257507790474,-0.45106110080893824,-0.21921627429364732,1.0,3.6162501317931794
0.16989002403385411,0.6590670331026625,1.0,1.0,0.22442931487741224,1.0,-3.746841739522479
-0.05363579181972264,0.06682257825708221,-0.32825964569321786,-0.5118924286119977,-1.0,-0.3593751876421216,-0.10688742128261297
-0.45658012373767953,0.16269767856407502,-0.4089928712317286,0.08761736360021755,0.7019261071911511,1.0,6.355173829935667
1.0,-0.2710268652943406,1.0,1.0,-1.0,-0.3832183279878325,5.8090896053365615
0.5511730514411672,0.6454393510241412,0.5490733789912593,1.0,-1.0,0.40378616764499864,2.002463930497128
1.0,-0.9626344087578904,1.0,0.16802955743894255,-0.6780869660836217,0.06986710742358049,6.197321650084937
0.9857353747869031,1.0,1.0,-0.129918893318695,1.0,0.09826042459640483,-5.015804361139777
0.470861316500577,-0.27902187201616546,0.9638970377402218,0.5140368704399996,0.8492654950095955,0.24276105425759353,-1.850657591685278
1.0,0.4757445183707065,0.5107894673607125,1.0,0.7301846371321585,0.6995867560749807,-1.808475825993597
-0.11006625161247663,-0.9694527729428424,-1.0,-1.0,-0.785771882225447,-0.3457992330431639,0.7917306406298787
0.3613851183123493,1.0,-0.12374255666574224,0.34411725162649487,0.27975607250944123,-0.9304025578583055,1.2577582735519608
-0.5875586648760137,-0.07656775539885774,-1.0,-1.0,-1.0,-1.0,1.267632880722693
0.6446832284888868,-0.21165639608925058,1.0,0.8161415047310752,1.0,1.0,-3.9026689125671887
0.019734160764579345,0.6789141562031763,1.0,0.9759561363275611,0.5142755834492809,-0.14473449457733378,-2.6755881414221285
0.18404505089627987,0.366409657147113,1.0,0.6311166033570424,0.09635569281787171,0.6561691771830243,-1.469745081236327
-1.0,-1.0,-0.6395937633479228,0.21969603467051246,1.0,0.48668076688444,-0.02498178148904351
-0.03519504491960401,1.0,0.5804347860395667,1.0,-1.0,-1.0,4.035087294625423
-0.029499095147897503,-0.024215807524875288,-1.0,-0.0725545996063982,0.08910381464078276,-0.988303937289863,2.696459077337401
-1.0,-1.0,-0.4011649419930392,-0.6926362999010185,-0.6868802648068693,-0.4010409131743322,-0.25661526365626897
0.7479676471306507,0.4505921390956493,1.0,0.67102757687255,0.665560801975578,0.03551169287525624,-2.815821883009273
0.8774597123158008,1.0,0.9450201642936522,0.891075679030237,0.8732519708968254,-0.31686662985034475,-4.695268319773337
-0.23909441636968376,0.2844079397383428,0.07143182922060398,1.0,0.353734045475892,-0.706507965871522,0.8012990978546233
-0.8988929726289664,0.3931581975172136,0.29543168337198594,-0.34184740998508395,-0.8817579158194639,0.7847081261598441,-1.540282901973954
-0.21545715246707348,-0.35637634382521877,-0.09550938982568691,-1.0,-0.49077492677654455,0.8657302686484567,1.5829102364917431
-1.0,-0.23328270615548452,-0.04240059131531443,-0.21160088708698466,-0.2681755493790088,-1.0,2.4866479201527905
0.48818797559154126,0.6368692792762846,-0.5597398625931527,1.0,-0.07017015453483322,-0.9114024422641684,1.4959759059263127
-0.35568514656198413,-1.0,-0.14537365031835336,-0.34287193409776373,-0.0680840758652842,0.7801959393833524,-0.38950182334365685
0.31838300919309925,0.25989804684452533,1.0,0.1742237771296382,-1.0,0.2867250447604761,-0.8447015416784571
-1.0,-0.998713441638935,-0.7770384270714292,-0.2334580848922342,1.0,-0.6493860156224389,-0.03912162024382415
-0.64440358381743,-0.10830889449007836,0.1224391944186436,-0.9097755965883488,0.8360781731729983,0.9497102321016613,4.195891103942398
-0.6453415192177241,-0.6561817394784428,-0.8170904235247471,0.19752683460438736,-0.30408377478350235,-0.37187175344212986,-0.5676837817894057
-0.9702773075995973,1.0,0.4471114414300131,-0.7404698276568193,-1.0,-0.9366563805503882,-4.058553439075189
-0.5145763357532002,-0.8535614434763331,-1.0,-1.0,-1.0,-1.0,5.50481541603487
0.23744609053331345,1.0,0.6582281700083171,-1.0,-0.05256778346794305,0.035068001904642765,-2.2979363815203353
0.8224360165978444,0.8498718875368637,0.24009552271484158,0.027140139467662583,-0.4502161882667626,-0.8308268540575907,3.233989668509904
1.0,1.0,0.8146589286878849,0.005377237011628844,0.5251749416942826,-0.15828343735623146,-3.0660309039152183
-0.21484661323647503,-0.2451787254901252,0.6324429347442979,1.0,0.7096779458708735,0.19458125542963944,-0.30911833546864365
-0.593670432928671,-0.7402467257751681,-0.1466933614961402,-0.6862957929513072,-0.06928313023496502,0.471755325487477,0.04377998094477631
-0.9572267203580302,-0.2755815364178842,0.1518580041143976,-1.0,-1.0,0.020072088414544442,0.32222633893854985
-0.5499214330294647,-0.5654308607913485,0.9791092897395952,0.7715219486056742,-1.0,-0.9095390653637636,-1.4384029209819704
-0.4861496931428474,0.6455764729765692,0.07529647997501887,-1.0,0.9210339069436462,-0.6133038811842946,3.0838426802950387
0.05904117696039024,-0.39911054708509325,1.0,0.7726508283027523,-0.948421655086702,-0.12348764581800697,-0.9107508207420045
0.5550693425288408,-0.8252605082050929,-0.5734707147756507,-0.2636277133783535,-1.0,-0.014383161050324667,1.607223056072501
-0.49400557990060945,-1.0,1.0,0.1508122767439644,-0.0015286603428874557,-0.7798163279545014,4.676550944528079
-0.05966123242177651,-0.8461392217840997,-0.23085741971891,0.33894863369787487,0.6550566666140174,0.44803629085312047,-0.6360520934840224
-1.0,0.3061750286342404,-0.2659734471359949,0.5027228694805133,-0.057385983075104674,-0.49201594751520616,0.182653204367841
0.5677639824846166,-0.04377042466260461,-0.9735197243728926,-0.2849441090541991,0.9140296729720317,0.7794162663704106,1.0217303501519694
-1.0,-1.0,-1.0,-0.08556646202869711,-0.9174648888125664,-1.0,0.40625933815361587
-1.0,0.745407835284879,0.387526688598791,0.8693647301538872,-1.0,-0.4453702438402197,-1.148907816162493
1.0,1.0,0.7490274317515397,1.0,0.013922358327487228,0.8807074554049191,-0.8165053158124571
1.0,-0.5573957335225936,0.8297747627022427,-1.0,0.8268099251925088,1.0,-6.003431970229645
-1.0,-1.0,0.19039615929564546,-0.9916087580911808,0.07386828256765798,-0.5602698036935514,2.1296620070007464
-0.10681274110574784,-1.0,1.0,0.3974787701401391,-0.3707559088804058,1.0,0.40378956237566566
-1.0,-0.2778441042068779,-0.4978860811958261,-0.3739568379256295,-1.0,-0.36233176995786365,-2.0913635048886072
-0.6889122667828815,-1.0,-0.5456535923664101,-0.9429062379311324,-0.5489212433574191,0.735510465255345,-0.9041001550265821
-0.25755801307178416,-0.39179823909241435,-0.9899107695715508,-1.0,0.5092365511261885,0.30375852866182,-1.740570364075078
0.38392891238734184,1.0,-0.5385920653220252,-1.0,1.0,-0.008419662237779013,2.9735311137713625
-0.41308498344647493,0.6749660325649003,-0.4242436100065956,-1.0,0.5496313584038327,0.9116463781695956,5.251582339692917
0.9874889944373226,1.0,1.0,0.621642228107768,0.45401420754499233,0.9712396288688514,-5.933858516186584
-1.0,-0.10114170458728422,-1.0,-1.0,-0.6696494530685175,-0.6038102994129975,-0.10552873901317938
1.0,-0.17107455904634658,0.9308836333548559,1.0,0.0051640534635650215,-0.3511213381073184,1.029268573369138
-1.0,-0.614162452000784,-0.662265020670181,-0.8083960453690049,-1.0,-0.4350206121759186,0.07689197508011086
-0.46037153860257424,-0.6698344467353412,0.17030183451963832,-0.42197754172637736,-0.7133540859335068,0.8186126086441022,-0.07933605751506606
0.5672935899788961,0.23310605830382425,0.5679558353310015,1.0,0.05823187953373277,0.44938173613614585,-0.6888621915842674
0.9536869519146118,0.48432194515535365,-0.2805206033059023,0.6783458698162477,-0.43360065025154104,-0.0802261491955184,1.537280696398034
-0.17938213838876038,-1.0,-0.13249830458609702,-1.0,-0.3355394378082723,0.4085584867000477,0.5523930535164814
-0.2815388083383065,-0.8562040462276023,1.0,-0.3090376277701528,-0.06109264999834818,0.7535293337372828,-0.7008838335051836
-1.0,-1.0,-1.0,-1.0,0.9229860861845471,1.0,-2.075838887737653
-0.285674377692098,-1.0,-1.0,-1.0,1.0,-0.19063749948472758,-4.5821507420781655
-1.0,-0.18599200543368194,-0.628847934139739,-0.8287404035192125,0.2665379957245617,-0.691124151566473,1.9238139882578416
-0.337861524685678,1.0,0.6900138542692376,0.4422453030906335,1.0,0.9250766846285396,1.3899939974307534
-0.7741111268662748,0.07312859573340591,0.2488786753907744,-1.0,0.19597207499447233,-0.6024522087036963,1.2325788572933587
-0.5850822328532147,-0.8771795379619561,-1.0,-1.0,-1.0,-1.0,4.660026409123207
1.0,0.08537014604688054,0.18113736736148545,1.0,-0.3962249171044979,-0.01035744614016626,0.3730122139102695
1.0,0.15060748113745015,-0.6200120210072746,-0.05933900491845456,-0.1692548501991063,-0.6463148950091129,0.8162059734050217
0.9794497816796703,-0.6814620019601916,-0.5689895352860811,0.5458084518267408,1.0,-0.6921742821603638,-3.77551062938637
0.3762732867865622,-0.9999611463984931,0.3813042262545546,-0.5237762174291298,-1.0,-1.0,9.03314263341979
-0.532024236870928,-0.6991589408177038,-1.0,-1.0,-1.0,-0.05624021485456154,-0.04021884538344522
-0.612995164555676,-0.11598336720582103,0.7602389921555739,-0.27202386342999385,1.0,0.6296447611722114,0.3932667007233209
0.5977792570021836,1.0,1.0,0.7489610187025484,-1.0,-1.0,4.130316480309577
0.6245657185992566,1.0,1.0,0.44784926362085686,1.0,-0.6690226849643175,-3.432386381771769
1.0,-0.47676857882208057,-0.02310632286905645,0.4192609092764484,-0.3620769930194596,-0.41895898244197394,1.8389145408619556
-0.07396685636509293,0.18026491010592083,-0.8404132868151301,0.6574083072052218,-1.0,0.9395909712136865,3.9601354272234257
-0.26967360327255785,-0.32607045921094985,0.07612967337805321,-0.051499739895784935,-0.1369523797840927,-0.8556211994441685,2.217753811199222
-0.3025198859689192,-0.9922021556693927,-1.0,-0.49807158917340677,-0.9766200286494247,-1.0,3.1157679742441617
0.15116998052698977,0.3430453278421149,1.0,-0.3094420915849149,0.3370568569414336,-1.0,1.641068434290946
1.0,1.0,1.0,1.0,-0.9280010711016047,-0.5308500286693374,4.412306589383301
1.0,0.2515845181104417,1.0,1.0,0.777016242789486,-0.3466182875512742,-3.544707439578429
-0.7930130834907183,-0.3463985229999853,0.2786129126221713,-0.4145197641108278,-1.0,0.810520069824331,-0.9681375910310135
0.025588992792274445,-1.0,-0.4642319501680139,-0.45404117918159037,-1.0,-0.8672867000234049,3.189221454112233
1.0,1.0,0.2603654113552083,0.3616463824973135,0.04563816177220681,0.5347529775334308,-0.8845300458947767
-0.9686955459279718,-0.6328456832784083,0.9800683003659165,-1.0,-1.0,-0.6178889342718674,2.185800378673241
-1.0,0.03720077990890924,-0.12024727141057423,-0.8931682046830625,0.9509998721875617,1.0,6.984007390884108
-0.49899290180821443,-0.6586207566360531,0.15507757390482058,-1.0,0.9940844228685878,-0.11670869905748568,2.308093674620704
-1.0,-0.3061031756698964,-1.0,-0.2806323207653205,0.28325681852329576,-0.22004938916921213,-1.442077456335317
-0.09019657672187587,-1.0,0.8433325756876311,-1.0,-1.0,-0.9642697595469105,10.59083286858263
-0.26225387994249993,-0.5585689359151241,-0.2318187876491194,0.2950622782919493,-0.8483506364321933,-1.0,2.95055415478566
0.5313851180062836,-0.10323292730065359,-0.02638130136350464,0.5245294042067532,0.26576793149086314,1.0,3.355761111884326
1.0,0.12969515373969376,0.798338984060998,0.6402548011519411,1.0,0.290414737517305,-4.000536337337893
-0.4908065555226767,-1.0,1.0,-0.27203218884700714,-0.5659748909909581,-0.9773053585438917,4.286964414795217
0.2822445614066017,1.0,0.6066450217065723,-0.5542200506279258,0.5383548746511513,1.0,1.357356281013625
-0.16468932514265192,0.6446707981706276,0.6659186137015605,1.0,-1.0,-0.5702462578746519,1.8532265295546462
-0.27205313409932086,-1.0,-1.0,-1.0,-0.6607304313482696,-1.0,4.358627676968841
0.7524921266886808,1.0,0.3771045775784374,0.6320202366474568,-1.0,-1.0,5.868276787640188
-0.9520125728684563,-0.45686870538918933,-0.5808751650305404,-1.0,0.3382458123733447,-1.0,5.737335295965088
-0.9067290725493786,-1.0,-1.0,-0.7257097890120912,-1.0,-1.0,3.032587344042102
-0.22116141365342323,0.25080610262467834,-0.259162253336179,0.4590085840835144,0.8257478298471319,1.0,4.861265571587723
1.0,0.16334175222673775,0.8423468814917356,0.21224515999880889,0.1770304160129184,-0.7091045689370473,2.0856678135403577
0.930300486912824,-0.31367151636547547,0.3352226689343419,-0.9940698419474766,1.0,0.6946421292254752,-1.8802188666550228
-1.0,-0.38640269467704447,-1.0,0.017921205822881092,-0.736774166706226,-1.0,2.361970018385672
-0.2043767703432806,-1.0,-1.0,-0.9637619148152043,-1.0,0.2831723116383502,0.917121507688417
-1.0,0.23594932334165103,1.0,0.8088636696005518,-1.0,-1.0,0.782173777615055
0.30938999559747793,-0.6048633787167619,-1.0,0.5808290989191114,0.44568651863426595,-0.4574306994220907,-2.502945745286282
-0.31728407327790964,-0.8611098232259857,-1.0,-0.20373131223069718,-0.02043663495574488,-0.7106947146909208,0.6022220288295419
-1.0,0.10934695332907957,-0.4404924156721899,-0.795410402255897,-1.0,-1.0,-2.1924501028248153
0.11225924815532881,0.06795046132618188,-0.32450124819227577,0.625147091290902,-1.0,-0.9975788892371572,2.2559682339237312
-0.4347731497957368,-0.1726229186969228,-0.0549348074934386,-1.0,-0.5102493034735922,-1.0,3.1650628924829425
-0.7603543372125,0.20566889247091474,1.0,-0.9189055377550264,-0.732908280352393,1.0,-2.6694168133478478
-1.0,-0.3954143631011372,-0.6873212187339199,-0.18600459942649827,-1.0,-0.16690583481910348,-2.932004680595007
-1.0,-1.0,-0.4123047254026724,-0.4743142442393935,1.0,0.22043517454872663,0.06495275962983982
-0.3042971120467538,-0.0948517507755664,0.8888005157740988,0.3715008560104046,-0.5509518470084315,-1.0,1.0876660810781624
0.5391590572605058,0.2905340015106709,-0.9375452131405152,0.7189389786516094,-0.43243105521112857,-0.707776200854388,0.8577949913035718
-1.0,-0.5058421188215284,0.19911688705753172,1.0,1.0,0.9261855415575659,4.606039039018012
-1.0,0.7175004190933872,0.08132441986792371,-0.4279342171197573,-0.6857833787798526,-1.0,-1.1111235010304932
0.7033716733210615,0.2448285141669697,0.09568988868921657,-0.241393340020223,-1.0,-1.0,3.823869534168461
-0.6448321547942502,0.8158118977772957,0.6502150683736478,-0.46845786835026626,0.11706821410799662,-0.7643750488516029,-0.39605074199987206
-0.4155645267358462,-1.0,-0.1841399360828131,-1.0,1.0,-0.2302996279704899,2.2292646858963767
-0.2976351942482539,0.13588881846012935,0.8844200087322035,1.0,0.6090990645847207,0.3428378254062007,-0.6165309192066137
0.4621712668935052,-0.35060990655088475,1.0,-0.20190380786819992,-0.022878355351848567,-0.7265760154046557,2.5644815891966104
-0.12939502224126043,-0.1046359461061317,-0.9709956313171533,-0.5795594185201847,-0.3075201911376466,-0.3736805663574546,-0.5162245392742013
-0.34078119836381404,-0.21627442413908682,-1.0,0.2509534359343701,-1.0,-0.5129651062397096,-2.1564278028987074
0.5855800784961661,-1.0,1.0,-0.5598234794464026,-0.6129055130820967,1.0,2.8290269780000354
0.36590951796258087,0.4885032701656022,-0.9812928725567064,0.3232520099285169,0.4352134518322458,-0.31216776609105845,-1.243358559803942
-0.8128735194637101,0.20236450583856086,0.9909815801960775,-0.5588066256554205,-0.42196841550581,-1.0,0.6093395259607505
0.47286947767722365,-0.5629366347565476,0.27022011664583767,-0.3619880663737187,-0.37145938417597524,-1.0,5.22159768962106
-0.14626730136419946,-1.0,-0.2608969383044017,-1.0,-0.3412170868475943,-0.5568935446996535,2.3100174251207433
-0.5767421990313317,-0.6825192684358532,-0.337515995559754,-0.15881404861315396,0.8376051569091496,0.141157079193871,0.9929047359789069
-0.9863817462683133,-1.0,-1.0,-1.0,-0.9098017345826439,-0.03746636881855858,-3.64214582597443
1.0,0.21424477997995234,-0.8537225454749973,1.0,0.4050954367152463,-0.012848957202632127,-1.84262450855009
0.4442826581797973,0.16241691812764003,-0.7156645746258625,0.957894905627061,-0.30219209245322054,0.5345717649982793,0.9757369226425215
0.26611805139935113,0.3828736529697768,0.999981938694297,-0.06166237819381502,1.0,0.6904655575260649,-1.5451101421881916
-0.15598550432783764,-1.0,-1.0,-0.0337087864370309,-0.25191042037551936,-0.06526149992087946,-3.6244103772866847
0.04811808051107769,0.033631989641429993,0.5685690503605589,-0.2743193656221473,-1.0,1.0,2.3747361258819746
1.0,0.1114977321795454,1.0,1.0,0.5577937996883262,0.8463159723278572,-5.351353605635519
-1.0,0.4691121671491624,1.0,0.49372637358879456,-0.5736701648829716,-0.41562329500819173,-0.49040606389989944
-1.0,-1.0,-0.5604094978239715,-0.8592556333937871,0.028690335550046187,-0.052340159257888264,-2.518716727981004
0.8704541710935041,0.9922341034866121,0.6609489137123301,0.18516778424151736,1.0,0.9185848980504904,-2.7951021573995325
-1.0,-1.0,-1.0,-0.3390801009820723,-1.0,-0.37920379654781433,-4.218905189933856
-0.03542517022148439,0.8445257070500369,0.11951613319232723,0.18694332307330108,-0.3434913710443609,0.44458315269948473,0.5369823713391724
0.2176627800151485,-0.3562012162935174,-0.687708854263775,0.5758348538269029,-0.6971911757163995,-1.0,2.9915332749109407
0.139711426715469,-0.25339416823328187,-0.9289136765352695,0.18170751103547922,-1.0,-0.20272063270383645,0.2188936354235873
0.8132702351905466,0.1954490570776275,0.010235328824275164,-0.15674227750755138,-0.84109500507214,1.0,6.421141280489947
0.8574714220358581,1.0,0.047681882126876074,0.16113043138232008,0.3624330585297254,0.0683721056766422,-1.306471285428173
-1.0,-0.17255818928956668,-1.0,-1.0,0.511393059776905,0.3720732919070303,-0.6377278575565534
-0.04382436986369065,0.5662903337156429,0.8985070785770308,0.47096627663927043,-0.5593498495087492,-1.0,1.8451217946715985
0.03569858335664211,-1.0,-0.2690854310514845,0.2988299111459647,0.20373510617941032,-0.19905735131641022,-0.10079774624460003
0.009504337407383545,0.28612060146511226,-1.0,-0.33421426117938147,-1.0,-0.30290073140238777,-1.647963957746913
0.6952636710778194,1.0,-0.8536692097152262,-0.044172277686069794,0.46309424175622455,0.16563061581276017,2.302535755624742
0.8356345199310261,1.0,0.8030849349680445,0.8197942985387918,-0.46608258247856593,-1.0,4.439649115032194
-0.5313740269894474,-0.8636401891640847,0.6518085641933447,-0.4740430783269647,-1.0,-0.10117237621174865,0.9191051315717722
0.15464834183646858,0.1050943813487678,-1.0,-0.23438757711320546,-0.5824296998026448,-1.0,2.531201915180583
-0.19032818072406754,-0.201454859380091,0.8445229746802503,0.4172698172647029,0.1008892916065493,0.13382462491996797,0.18071989318997533
-0.17650405647433587,1.0,0.026486282248997357,0.17907183092588227,-1.0,-0.9601288254172322,0.10904093089468099
-0.20232196039579753,-0.48912560628966584,0.11890580087352776,-0.4074141143608829,0.31337966304267173,0.21070646886583977,-0.1904845660379262
-0.04016512808848982,0.3963864095273077,-0.32588454299231384,0.386888014967835,1.0,1.0,5.41367558915721
1.0,1.0,0.44670673526272875,0.9861172188885305,0.2874414028086521,-0.1671742595082602,-0.817808824291013
-0.3073719498831864,-1.0,-1.0,-1.0,0.16949060936624666,0.442692556598894,-4.264670160732564
0.06086847786836719,0.10339897756314864,0.3567956089775449,1.0,-0.05508467704137189,-1.0,3.690472763088445
0.06913431523679486,0.6880537383448313,1.0,1.0,0.9039809524505265,0.3031926449969591,-3.6710468568295997
0.12121708237079054,-0.5173497024112196,1.0,1.0,-1.0,-0.12347255201670804,0.5714673923559559
0.15424549966183432,0.9695496044599305,0.178170944811056,1.0,-1.0,1.0,3.365788233295845
0.04332466077859526,-0.6916800563179407,0.05985159081047872,0.49426602255688323,-0.28432939290037634,0.6872993469181427,2.1915008333277224
-0.9637427512150187,-1.0,-1.0,-1.0,-1.0,-0.6687037626531732,1.038430264753592
0.1040805226717275,0.21841072782819868,-1.0,0.6286843374760587,-0.5167071355589646,-0.1225040403082471,-0.6554589693920029
-1.0,-1.0,0.010419621635341075,-0.6537067537901609,0.7642974271523715,1.0,0.733428309068808
-0.22435557092629002,0.11111603543069015,-0.8347948305465005,0.22275536433625853,-1.0,-0.09388475975718269,-1.3008701194633097
-0.4641184902970984,0.8363210215862531,-0.6520289052224999,-1.0,0.5217956255908509,1.0,8.203112709028375
-1.0,-0.40633932024610386,-1.0,-1.0,1.0,0.05099544619665308,-1.9517724389373428
0.6917553787491664,-0.24320464919556833,-1.0,0.6104194705248142,0.3104228973511849,0.7453617353464401,2.339596669173237
-0.2219123392459268,-1.0,-1.0,-0.8616348679188226,0.06037429614928669,0.13031984415398523,-4.255457402143697
-0.5595606296033562,-1.0,-1.0,-0.14637865863517296,-1.0,-1.0,0.0211863637172518
1.0,0.45554132341215947,-0.2921673835510282,0.2431090088982478,-1.0,-1.0,6.264848143395261
-0.30569052381801054,0.5197687151664914,-0.9917171313123913,-0.9092686625937716,-0.4507176112457296,0.32782202056719223,0.8413575133389388
0.5683442617080359,0.443030278076589,0.6968542094944216,0.9492319571553559,-0.8888388031932466,-1.0,6.11108822387229
-0.5422387567327611,-0.45647092475000717,-0.2601275169332594,-1.0,0.1498498550947814,-1.0,4.167642487040193
1.0,0.4225437298940129,1.0,1.0,-0.7734353416950775,-0.2707376532116107,3.062617982901546
1.0,1.0,0.14411924755030325,0.030416033650881413,-0.7759870709653436,-0.6562744063064379,4.231543978064213
1.0,0.4344150711856696,0.4386519164314032,0.6409030371299478,-0.6082544135248436,-0.5512787859447037,4.896551725144384
1.0,-0.6418092201037837,-0.12488913992341427,1.0,0.5289658120233678,1.0,2.502938723317371
-0.35230276666167637,0.4203865593706194,-1.0,-1.0,-0.46578696012319953,-1.0,0.5715375462160348
0.8268074850647784,0.07365456353549016,0.31615633583853575,1.0,0.74060638734765,-0.15884010828179873,-1.1033275088252101
-1.0,-1.0,-0.5863423729270607,-1.0,1.0,0.08332839487978982,-1.4971114988195144
0.6263389046021435,0.5491371207211299,1.0,0.056377881901738536,0.6875145364246688,1.0,-2.3794827966426735
-0.37478376749930126,0.768172770818943,0.6838260728229151,-0.6507139290291247,0.19270897513681218,0.26841043752399996,-1.0776911625753927
-1.0,-0.6148351152782865,-0.9812068175650273,-0.3268433550759191,-0.9476127596377775,0.3047785252473281,-2.8897129643312045
-0.14712959798408215,1.0,1.0,1.0,0.257546599853931,0.022566683156332257,-5.110865802634978
0.6524614138605898,1.0,0.7070291080321363,1.0,-1.0,-1.0,7.080199623704731
-1.0,0.21880302393615775,-0.7022762903954155,-0.2537436924865262,-0.3453379763096319,0.14551103570051407,-1.1930855941328593
0.40340480784690114,1.0,-0.005586769818608839,1.0,-0.09846116708701624,1.0,3.3132412363012667
0.8680666633651792,1.0,1.0,1.0,0.07343380864803373,-0.7267204396229766,0.8339911192976068
0.6306350661002174,-0.6396135626378701,0.3390443603992276,-0.6855594490393182,-0.5222098450502543,-0.4621154299917216,3.9398050748469147
0.5606185515488821,-0.2990891081353133,0.09300948915702167,0.4055042991441594,-0.5919550668778246,-1.0,5.351567096005253
0.4383719478405965,1.0,0.25856525383608986,0.010580858423120842,-0.059320441918812195,-0.09862686757984607,-1.523214847047073
1.0,0.7590003314287512,0.9260465221147391,0.06259231446374747,-0.10701707237146046,-0.3991984757424131,0.5382701657691977
0.8410720530712277,-0.9250307623891789,0.6087662074261012,0.3359874132363533,0.8610774223807758,1.0,-0.27485445555231336
1.0,1.0,1.0,1.0,-1.0,-1.0,8.699784043271606
-0.794151852561603,-0.6848607744733283,0.04458454598211703,-0.227919954653856,0.6321149770539485,-1.0,5.282248870186818
-1.0,-0.6952613563369084,0.8749268661006204,0.019023901975516844,-0.42924405015183775,-0.9469656483344233,3.8040005562457067
-0.7179861896510522,0.06139409227300252,-1.0,-0.07003471889617557,-1.0,-0.5647369370707479,-2.650284669159607
-0.7755792697203827,0.09488529537915547,-0.1427094561146001,-1.0,1.0,-0.059853463129740936,3.9540095179560444
-1.0,-1.0,-1.0,0.1748099407622088,-1.0,-0.6997423266671744,-3.924629626240249
0.09183673600944084,-0.3132086424140393,0.36823954471643905,-0.06399432128545246,0.1323117870010564,0.17034388209705037,-0.10404081527701532
0.3960528177226476,0.10349582665168189,0.08908887150333578,1.0,-1.0,-0.15613690771213107,1.6388879851834304
-0.99130751678928,0.9907776272530567,0.6091545885069136,-0.8003598250142357,-0.8599475856344423,0.6486313719348744,-2.053346471667549
0.7875214251686062,1.0,1.0,0.5527872063018,0.5869147162516284,0.11417652522688951,-4.615548489711465
-1.0,-1.0,-0.026842736129706668,-0.025083479903635242,-1.0,-0.904134818237893,0.9013790752303683
0.1815021233337012,1.0,0.5897466325469084,-0.4559423717748513,-0.4092986606341553,0.24551340555015289,-0.18471453137771554
-0.20043102976012206,0.042192924341459215,0.5613959953289143,0.0874099641795413,-1.0,0.7996121652409214,0.08736458117897195
-1.0,-1.0,-0.3995922033525119,-1.0,0.13936128883390841,0.08669388226606461,-2.8366655447320905
-1.0,-1.0,-1.0,-0.9486094625648229,-0.05600635063601217,1.0,-2.334361496291249
-1.0,-0.33100868100926767,0.1277791110934523,0.4911800248650244,-0.7874721058857989,0.7604253077675025,-1.6634977646986795
0.06992379040745363,-0.40502937307909925,-1.0,-0.46842870716783597,-0.7312325271466842,-1.0,2.3773593278718894
1.0,-0.7875017142478805,0.2842258247624775,-0.24058396641830795,0.5195056894340864,-0.2609882885651453,0.626279768719558
0.9460046710755221,0.2663702564225528,0.41406302217165397,0.45308955120667505,0.7303127258619219,-0.1324097909298871,-1.9304926641089495
0.814564335862622,0.6398410052297162,1.0,0.42455338988126323,0.061891969024568005,-0.5222594229241927,1.0535219605934565
-1.0,-0.00025989889837041424,-1.0,-1.0,-1.0,-0.40311308280499114,-0.4669980502739872
0.28243217909086715,-0.8309696804938167,0.4094082934627624,0.30819482084312655,-0.6005447592987031,-0.4951413061755232,2.928034635885508
0.2700801606095229,-0.08658947436513605,0.6959064275260306,1.0,-0.7330918025297504,-0.539586507190337,0.3036383802350333
0.7837825963859882,-1.0,0.8710868638360866,-0.3704483751814658,-0.6897296516872677,0.25329683113046114,4.7815622181761634
-0.29453189140317404,0.1338323776672941,0.31191712966657914,-0.00858232044676177,-0.008442189927168435,0.8929946773967528,0.6466128848272392
1.0,-0.007410258544561676,0.3621488319392481,1.0,0.46666996395350346,-0.8858930948433014,2.026013004416784
-0.8773821995946078,-1.0,-0.3898479669905257,-0.03503274611387219,0.21327949881468178,1.0,1.1427789393387648
0.8977697257157289,0.23674829543255416,1.0,1.0,-0.25093615812874065,-0.6898247636953474,1.8425261175325462
0.6158700608409133,-0.6797398896065174,0.6872212502248317,1.0,-0.665092542943358,1.0,3.739832779988116
0.6103088893692205,0.24195570824316526,-0.5437435470753058,-0.08046618455850818,-1.0,-0.7082113793799338,2.392559009615143
-1.0,0.11170221473956754,-0.6666046317732014,-1.0,0.22433702838903535,0.6983890496871814,2.4721854733851365
-0.5158962867649528,-1.0,0.3477298640383436,-0.47749645969943955,-0.5336264225974312,-0.4882056111020996,2.55506470465589
-0.709426504226875,-1.0,-1.0,-1.0,0.9654664266930683,1.0,-1.2113774972640243
-0.7227744099329358,0.6203444088962806,0.5916076576223067,0.37409091247187953,0.26844160345288975,0.7548151137424263,0.05965979447114672
1.0,1.0,-1.0,0.16234340874499886,-0.756095745595962,-0.9988197094434363,6.994184432199266
1.0,0.9112096547132623,-0.677256877101301,0.9692991461409106,-1.0,-0.1900551871814249,6.674631450602512
-0.5204719005576827,-0.8638753318971921,-0.07163895694681585,-0.1580514327346193,-0.13356863886441528,1.0,0.6105000234935392
-0.1633312821405044,0.36198732564955516,0.45027660364233224,0.7573663124183975,1.0,-0.771650532890702,1.491584363011071
0.24425551546278013,1.0,0.6372603869443625,-0.4381998976496195,-0.3871961884386834,-0.5247392489190099,-0.5152347943086358
1.0,0.6971774685281453,0.28083795042696313,0.46736072873094847,0.935260274391526,1.0,-0.28260131061673915
0.27139131880894174,-0.9025299806365745,-1.0,0.10469555595635024,1.0,1.0,2.7598608761645536
0.20023128062157647,0.283513812765129,0.5303446608768866,-0.6171887870389456,0.018007995143212163,-0.0980340522337016,-0.9186353390011344
-0.17840914305421918,-1.0,-1.0,0.01713310202678242,0.7736009698415572,-0.9865171874274685,0.6084159299985011
0.768379652128752,0.4162956269001141,0.8830810122300443,0.9701208071402564,-0.40343607598311704,-0.780119517469078,3.2327217146416194
0.528066775134016,1.0,0.08315091863337037,-0.14396118053337237,0.2556002913964759,0.31658686452468043,0.7019109004355983
-1.0,-1.0,-1.0,-1.0,-0.5854073986765784,-0.7379898153973156,0.8122286888763057
-0.042241249529965,1.0,-0.11699655056849698,1.0,-1.0,-1.0,4.910399090385732
-0.5294807573525204,-0.22177961138457525,-0.2294472478034729,1.0,0.18597819294110338,-0.7810227922525517,1.1478613468000385
0.15333935320879716,-0.24304462938180027,-0.6214560520029848,-0.8012079815177398,1.0,1.0,4.989217574525248
0.030956598631479926,-0.4160677060561425,-0.8242268437479466,-1.0,-0.2208038228270951,0.6486822954483933,0.5722519967860864
1.0,0.8464360758761413,1.0,1.0,-1.0,-1.0,8.581795433305814
0.8913736960200701,-0.12384269091925945,-1.0,0.4663243405196071,0.5859219778338731,-0.03877676695877519,-2.021192441140535
0.004712249455107856,0.3120561591809503,0.10782492341162819,-0.6848230583656063,0.598312498789968,1.0,3.6253262881882407
-0.4177122052087485,-0.6619457529563991,-0.7460531021649468,-1.0,-1.0,-0.15605206804389704,0.8506683602378553
-1.0,-1.0,0.28327575542349437,0.10369442495029313,-0.015182614223900326,0.14735115442981,0.24841832955315474
-0.23667701537256003,-0.5194501449583714,0.48920993921980727,0.0710050186675728,-0.5443352261058707,-1.0,3.2313451699091535
1.0,0.6266781289313388,1.0,1.0,-0.46060688155780233,1.0,0.14201287314551014
1.0,1.0,0.2555908904513595,1.0,0.11718063877811663,-0.41586653951961816,1.7930442436840348
0.4838267366047433,0.25242723376804016,0.4763898186141015,0.22871727922374951,-0.6326718467316652,-0.7264654345295952,2.4034900587643486
-0.6219998201238379,-0.5146471505496928,0.9970415865268593,0.04324770576970893,-1.0,-0.7863305353069303,0.45174921119974276
-0.20199538067770823,0.10770743716862557,1.0,0.9269893747915342,-0.2022710610931463,-0.6060034348222672,-0.24167000773992467
-0.05985132657428982,0.19047237675557893,0.2518074605976476,0.9547680182709805,1.0,-0.3255068374759668,0.9119494859186517
-0.7847774836528474,-0.8543561877398559,-0.020327266579568057,-0.8966538532348134,-1.0,-1.0,4.681321548629041
1.0,1.0,0.7425578362541214,1.0,0.7125961892905989,0.06672170181444403,-5.122845533828236
-0.5700030851162101,-0.5852635560499089,-0.1116737480123492,0.6227457902217187,-0.2452714559469038,-0.5620066612233225,-0.27924260335759665
1.0,0.7524604633998047,0.3899185044283248,0.34566080378170916,-0.40952667960037004,-1.0,5.057439791006962
0.04516770188961583,0.20889147303408695,-0.21977319581213842,0.15245244298511457,-0.160470020848418,-1.0,1.8776771651462667
0.4938741915895175,0.9792550165794396,-0.34801904682054674,-0.3133192136449128,-0.8744329751983397,-0.4338254734780569,1.9167704232165088
-0.7956221752626582,1.0,-0.4506964689466283,-0.20865229952868428,0.054744289003093916,0.5621299145245604,3.047799980567941
-0.41489128830216004,-0.12054456177660167,-1.0,-1.0,-1.0,-0.7952010431588797,0.3719864886246662
1.0,1.0,-0.07292538268407722,0.5284649724661389,-1.0,-1.0,8.392817078278147
-0.04722893134337114,0.6369774099242753,-1.0,-0.45633656721628507,1.0,0.8453114815653309,7.537434894568151
0.885671462864154,1.0,-0.4548228790732869,-0.6815968052347473,1.0,0.36320440786613917,1.8687898785162063
0.5238189588312322,0.06560348619236497,-0.46808110380706647,-1.0,0.33547100772995186,0.7742758046273894,1.7416623242790699
-0.06960847558315741,-0.4422227235600569,-1.0,0.04376031887483087,0.7875570392838416,-0.35657586302453026,-1.4413581438821796
1.0,-0.4449230100777529,-0.044919207195470615,0.8610884450845716,-1.0,-0.6612443538013435,6.254314254191368
-1.0,-1.0,-1.0,0.05831217083167117,0.7788159289964669,-0.29556860165247434,-3.4674432603516143
0.4766872924368095,0.09339389727792224,-0.07273989753666854,-0.4233776320646408,0.7232981563084069,0.14741226776742755,-1.5262989542964323
0.9396903321117474,0.022970628472436798,-0.5893149507774214,0.02311441873196457,-0.35927224633564936,-0.6437124353356053,2.596874083610026
0.33772952490769925,-0.2564808790639483,0.7578459284879069,0.30034274060639726,1.0,0.5227987951193934,-2.1704766800168835
1.0,1.0,1.0,0.06629431446762957,-1.0,-1.0,3.665134804072224
0.08102106790197938,1.0,1.0,0.2973376422045706,0.9801113098360219,0.49992440962805107,-3.3936027206855797
-0.9524874653728651,-0.4574306166526263,-1.0,-0.3529193109288491,-1.0,-0.2640965637447983,-3.524244128304949
-1.0,-1.0,-0.2361139156645108,0.4104987408219296,-1.0,0.7712530363789767,-0.8154552799707588
0.10835892479077258,0.5307033246680848,0.20683202160442216,1.0,-0.20796450233793953,0.22123348419692146,-0.1270521215404729
1.0,1.0,0.6977171281046755,0.07677604698159685,0.8655331464615759,0.22581715057486795,-3.1126812096862047
-1.0,-0.48224098439228325,0.2842678857570778,-1.0,-0.24341552260473898,-1.0,3.5463662130391467
-1.0,-1.0,-0.7428371562398254,-0.4330430855342595,-0.3074009764259419,0.06789353912627069,-4.003088974437775
1.0,0.15029348083231464,1.0,0.8444135211159487,0.5552409163231646,-0.6633921288828011,-1.4107925240832786
-0.5456315170183078,-0.1955149180941751,0.45191874862392456,-0.8556196027569614,0.33140300314628385,0.6534594387745172,0.006808852200824875
-0.6025021756079657,-0.15638541217916402,0.19584974208509637,0.30322644734079834,0.27505200598904245,1.0,2.4263658115880786
-0.14692223523606412,1.0,1.0,-0.07086921653185468,-1.0,0.6340267080066986,-4.018535055217606
-0.07482941084961492,-0.31544668311596685,0.09115469807584442,-0.4026567480238373,-1.0,0.4760401763803574,1.4785558390116322
-0.5063475528646559,-1.0,-1.0,-1.0,0.6241477289123923,0.1953559664397893,-6.134707411003934
0.3477830561506864,-0.6600211672822525,0.9169005838824371,0.7361581772548347,-0.036856608301625626,0.8402836830796718,-1.2342849710617116
-0.6214320894851837,-1.0,-1.0,-1.0,0.4932442178161114,-0.8712757459011047,0.4479534855970728
0.3210852321986298,1.0,0.02826404737655036,0.9185376402355568,-1.0,0.17616555581463755,3.0514449631466123
0.40657220148679357,-0.7123540661778491,-0.20530461841586745,-0.7229541386063547,0.7292764837715238,-0.3578972182780682,-0.29016173449387916
-0.07213080566144547,0.8865239468841857,0.4267882201233678,0.7897019710567577,0.1315377443264872,-0.09563244396077142,-1.5061372801230328
-0.9915304341890541,-1.0,-1.0,-0.4189168818218134,0.6547811690782185,-0.694034041475208,-1.2602693935084077
0.22570462278871228,-0.4415338122600003,0.20113492305801156,0.1036104203751374,-1.0,0.19570548852631953,1.3025002173486886
0.38330903467155436,1.0,0.3242683694969838,0.03512929261772213,-0.2913479596562166,-0.9200092388889595,2.207934432948174
0.49327787835868675,-1.0,-1.0,-1.0,0.3663408448469301,1.0,-2.3919352255958324
-1.0,-0.3367363723116059,-1.0,-1.0,1.0,1.0,7.101689087158124
-0.6468267340674535,-0.008530751116758648,-0.3373695825769213,-0.9639523488141666,-0.7556408825598626,-1.0,2.424201540686199
-1.0,-0.10941084396373868,1.0,-0.26181988560457536,-0.8773049992872806,-0.3588877332255651,-2.4748234290571887
0.08146876920570145,-0.8284363754037697,-1.0,-0.015614165538649583,-0.7785615054390276,-0.09406265364620814,-1.2838144303015842
-1.0,-1.0,-1.0,-0.384124707203644,0.6386661726424286,1.0,1.832120104913132
-0.47258704211889707,0.8253797473659901,1.0,1.0,0.6200344309139225,-0.42732024799374063,-2.5432860847165752
1.0,0.32553818745879615,0.8318745409946136,1.0,1.0,-0.5965783862111022,-2.6662112133319376
-0.48111369422002415,-0.7932019971067321,0.23110404390533856,0.10176574897665847,1.0,-1.0,4.790157733949441
0.27560704645846645,-0.5891491764588495,-0.3095745764345229,-0.07561326960895731,1.0,1.0,2.4779876709140924
0.7172819001791798,0.6119234831683316,0.8210242893722128,-0.06166513370680948,0.06563450209542276,1.0,0.40548998033540434
0.8220610568263373,0.07421795817295318,1.0,1.0,0.3477880305893752,0.37473290744996035,-3.5403142902141935
0.748718592073978,0.4932696134897746,0.07809449258369477,-0.09628323239651981,0.08294086515806942,0.16373412582858554,-0.3040204199754336
-1.0,-0.6444856017509881,-1.0,-1.0,-0.7786858038013673,-1.0,4.4137272603799165
-1.0,-1.0,-1.0,-1.0,-1.0,-1.0,3.8698239759294855
0.07115997657640993,-0.006963476711139727,0.11562902610172099,0.04326688072551321,0.15802422794215243,-1.0,3.3841952037380434
-0.9706500263938382,-0.6841413556526333,-1.0,1.0,-0.8443513214110665,0.6979329276668669,-1.4244481136175051
-1.0,-0.4381941157915006,-1.0,-1.0,-1.0,-1.0,3.0483816568875497
-1.0,-0.9173886402856897,-0.8682900631190213,-0.2664822748604072,0.8522352282127852,-0.5682768132665076,-1.0549362010758108
-0.34421960152874165,-0.6836385491800451,-0.26448947611784585,0.45465099796446423,-0.03379630744345774,-0.5138032458306723,-0.11705419243110493
0.03351998968755211,-1.0,-0.39478581913619176,-1.0,1.0,0.6863960045273882,-1.6085250414529586
1.0,-0.127955961670442,1.0,0.2119354272394378,0.799053059757785,1.0,-5.389401073829717
-0.9674499396655731,-1.0,-0.18371816001990382,-1.0,-0.06900516029946424,-0.9531633226875653,3.9884792225630115
-0.7190813421647717,-1.0,-0.7620562323520041,-0.5994506028109714,-0.9018381260174834,0.36044414970041994,-2.5748184063102455
-1.0,-1.0,-0.026917503795436337,0.8634334767171704,0.24891179458984414,-1.0,3.1171184371901495
-0.255032476764666,-0.2773271398233056,1.0,0.7316721270078499,-0.5222981382125375,-0.9237459258417036,1.3531522319214955
-0.6325998835029993,-1.0,-0.9262022888250525,0.7667723073574159,-0.28121140853352244,-1.0,-0.1387092504503603
1.0,1.0,1.0,-0.4110875775318008,0.5799565472877657,1.0,-3.831516397032552
-0.49624755620548155,-1.0,-0.853143845363367,-1.0,-0.42584244017081296,-0.36305953321877427,-1.1263245420112504
0.15368533516177307,-0.22121243217828113,1.0,-0.6529744705397688,0.6618233195106877,1.0,-2.370127933180398
1.0,0.806429516987263,0.2561657822553721,0.5941636557466273,0.4539390757569225,-1.0,2.6494367600123727
-0.5567971753978911,-0.5778802003915556,0.02138874603867197,0.7073517086181453,1.0,-1.0,2.89543544044047
0.6500135528421719,0.5438853561780645,-0.09545384185913203,0.5665762840472948,1.0,-1.0,-0.30173898527550513
0.039425163616185754,0.9994135046356096,-0.1890688044460656,-0.6948434983676913,-1.0,-0.306418352260481,2.171526060572289
-1.0,-1.0,0.7297920057083481,-0.47438610911671647,-1.0,-0.703527465250585,4.393420507072827
-0.10799283754982708,1.0,0.792145999950335,0.6301770694956096,-0.3605584603458696,0.5857416174397754,-2.816014512100583
-1.0,-1.0,-1.0,-1.0,-0.2792297924323994,-0.37856165808729436,-3.9370689840135635
0.2585395722707102,1.0,0.2931087233152032,0.9590198821038816,0.43235043628216197,0.8516087543684414,-0.8947926857393729
-1.0,-1.0,-0.5030068761170584,-1.0,-0.6411700332996644,-0.2216433332806611,-0.7779889188436546
-0.25281746100454894,0.1658157264222877,-0.28433309971941545,-0.26652074500669165,1.0,0.8513364119938278,4.455907725329024
-0.540219498275838,0.560851789047107,-0.6655053970860534,-1.0,-0.8507232202944757,-1.0,0.05784135181190919
0.7072844003731775,0.7599616189362404,-0.59268100737303,0.4340673590160291,0.5453703726856587,1.0,2.625044221344732
-0.6988785008940999,-1.0,-0.5726094244664457,-1.0,-0.5484480956081993,-0.45192120797845414,-0.04279087888352778
0.20636310821848936,0.2530986211084407,1.0,1.0,0.32107107764745524,-0.004177310743697871,-0.8890427530211238
-1.0,-1.0,-1.0,-1.0,1.0,-0.6986174866913181,-2.3622007340400084
-0.7211442805399803,1.0,-0.8418635026252799,0.4782770187553975,0.0677493666223623,1.0,9.475734035653865
-0.1832823247294577,0.6509841912052956,0.47276907526185963,-0.7213819260392454,-0.03519984850749003,-1.0,1.2966450279943544
0.8760227858831947,-0.041431456398152405,-0.12557058734883442,0.798020286266267,0.349626934692721,1.0,2.8095654067326414
-1.0,-0.5841962620965608,-0.4977549776236585,-1.0,1.0,-1.0,8.294654063324293
-1.0,0.8699341265610266,-1.0,-0.5005218792168153,1.0,1.0,13.744832091515073
-1.0,-0.42824283097939825,-0.4773167833391231,-0.46385669780920114,1.0,0.6211557480037472,3.442543850526148
-0.18553852575365426,-0.05493744878298318,-0.833291556139542,-0.5755774469708419,0.010701325127623784,-0.997832772297148,2.5798200750862827
-1.0,-0.7067474789966701,0.11180318609885939,-1.0,-0.9464288957162528,-1.0,3.0682576373096873
0.6709406628846113,1.0,0.0023604297497832327,-0.1907500774339691,0.9095685656634996,0.4624925143938974,0.30396817302621915
-0.4916078825280937,-0.225023845785021,0.982481385166513,-1.0,0.991497390080582,0.05311561654879671,0.9816649910023749
-1.0,-0.7726527008338797,-0.36103890608046085,-1.0,-1.0,-1.0,3.7792250158983043
0.17851699373803998,-0.8851770079669902,-0.12826225325964302,0.9004936943345376,1.0,0.02733609724796615,-1.8492160723693118
-0.8007383787903575,-1.0,1.0,-0.2233429001471844,0.4227028069077964,1.0,-0.4181562872435951
-0.1928900479576937,-0.5128707171659199,-0.6874420276467845,-0.17756212840389285,0.10731154080237548,0.9305197695338696,2.984579588517798
-0.6760874254303354,-1.0,-1.0,-0.8895059100716757,-0.949623945625907,0.04939637948021558,-1.8390836389158292
-0.6151980404715398,0.2800893923295781,-0.7869502586839762,0.7717551895683133,0.6023702729418964,0.5464484072311901,2.2043261082961516
1.0,0.660313604586819,-0.42011838074291363,1.0,-0.7962902858727163,-1.0,9.340879488871282
0.19504963215492854,0.2799033610440258,1.0,1.0,1.0,1.0,-0.8089027022728512
1.0,0.3477154170965677,0.6942204164397942,0.21059041838563486,0.8105535023453753,0.023569394179369603,-2.5564342863189005
0.1396736711693182,0.900623093684409,-0.05453226328876662,-1.0,-0.9075696945260185,-1.0,3.798998195287722
0.5923143015070818,-0.8384978720956677,-0.9817061425296325,-1.0,0.8879149202897093,0.3414090313805036,-4.484425778894945
-0.5726040298998638,-1.0,0.5208664136196295,-0.41280633535879235,0.16275052448175242,0.49222281956702174,-0.1754670909142759
0.14175159073885335,1.0,0.08118412024611321,1.0,0.6368479631860859,0.30460849679633406,-1.0146092156828204
1.0,-0.6294740756712426,-0.26968925272875716,1.0,0.5097567726006128,-0.2725243567164659,-2.026611428636182
0.8406673579704224,-0.09855195166525188,-0.03280241374607806,-0.05486372575135612,-0.1526753797246514,0.13512703142609245,0.6858161255099445
-1.0,-1.0,-0.5938176349423708,0.03848650932526043,0.05839691224006825,-0.3731678809211797,-0.9391547201060788
1.0,0.3504121258314057,-0.03942679636124524,1.0,-1.0,-0.2189552986235388,3.156521422692931
-0.2727401901312583,-0.6583716264925474,-0.8403363939270345,-1.0,-0.09275803912250757,-1.0,3.2965169888315526
-0.08279167396672227,-0.8489550942311632,-0.1325630483163015,-0.5411403932494745,-0.838225594102064,-0.10397138551814145,2.468750689327797
-0.4936738796357304,-0.9138982818639146,-1.0,1.0,0.6406394901955413,0.7292496040072487,0.9150697780632865
0.5087487754729033,0.28372883799937254,1.0,0.5596624415851388,1.0,-1.0,-2.2481999737853857
1.0,0.8152193691560157,-0.3064132327456298,0.34682041242489264,1.0,-0.18430219670395165,-1.3609265828265464
0.3746851320583656,-1.0,-0.19032992937794302,-0.7135703276396144,1.0,0.11232581226856611,-2.09498438451444
1.0,0.9488907859962474,1.0,1.0,0.6141575201482024,0.8542647064033023,-8.252911899822944
-1.0,-1.0,-0.6524018850823969,-0.8718088971824862,0.7037344423047269,1.0,0.3072787799844321
-1.0,-1.0,-0.5154099536569838,-1.0,-0.85517071356076,-1.0,4.283049331695571
0.8464209351899145,-1.0,-1.0,-0.9043961429450481,0.6598209467981266,-0.3873473990580363,-3.2681313251926944
-0.25326617751651875,0.13592818537445872,-0.9735087962716812,-1.0,-1.0,0.7322186203836991,3.1825520696041334
-0.24481114292143702,0.18076705484202155,0.1459585339886077,-0.7727246357939773,1.0,0.4688701638912004,2.7068747616556776
-1.0,-1.0,-1.0,0.11752673826757032,0.04716159037048728,1.0,2.599481881192873
0.9491979735305852,0.3314646521643174,0.29819300350777805,0.9333845123118898,1.0,0.6972557419195189,-0.503191674307226
0.23376936231819156,1.0,0.013651967241274932,0.18412717266252443,0.02386019966974979,-0.09387753728823356,-0.5629324273544518
0.005567465940124028,-0.03450440181512493,-0.20672031256732593,-0.33916742109756604,1.0,0.9410432611180215,3.4123680345401226
-0.47170614643780073,-1.0,-1.0,-1.0,0.8375408086156182,1.0,-0.011196640412870051
-0.1636631554962089,-1.0,-0.8535445847145715,-1.0,1.0,0.3079972873387211,-3.9234576517366615
-0.5134105121769229,-1.0,-1.0,-1.0,-0.0843048124821566,-0.6661797866508693,-1.3665841671967396
-0.07659275166982399,0.3510860706525212,0.17521603056983448,-0.1418015451095318,-0.681554912516424,-1.0,1.999173696261379
-1.0,0.18344330585434998,-0.7382803008619767,-0.32352821036548607,0.40242636599769765,-1.0,5.399833080213594
0.21144815807905631,-0.6275947088303881,-0.37546681132099613,0.6831529624636885,1.0,0.17716011542661114,-1.0843350789951218
-0.6808209998439598,0.45017493263722136,-1.0,0.3538307281629708,0.01665212959889465,0.16422400699423387,0.9165001816677112
1.0,0.5075184818396876,1.0,-0.07544240461177043,0.5907404459225398,0.04731861343216193,-2.4964016450446307
0.7291092462712163,-1.0,-0.5663600731188589,0.6077314318811529,-0.9512823816165883,-0.9088721560678364,4.911515239776037
-0.692619389801761,0.8816739768998696,-0.46101409102506435,1.0,0.12856773659490295,-1.0,2.372185362509744
-0.10043900087099,-0.1118258352992347,-1.0,-0.6930074611486543,0.02556161897197251,0.23362964910099082,0.2801109184627158
0.6851423542195942,-1.0,-0.07495629014241681,-0.513961379266008,0.9531399873336508,0.9141076315270029,-2.2073385525303744
0.6683900115524095,0.2936148272233577,-0.33930376664627715,1.0,-0.2565646514706159,0.5013787011965444,1.5899026423517617
0.6196396196722187,0.7603713225166336,-0.5480538742236257,0.8407065162344736,-1.0,-0.46837229526367674,3.4579975677198482
-0.13510119865367698,1.0,1.0,0.702084868854431,0.3317020882897872,0.3380988904980463,-4.621751435793103
-1.0,-0.5980199302708367,1.0,-1.0,-0.5893040134860228,0.8852048086450404,-5.704054156470335
0.8354498130854173,0.4232148339064452,0.3700252999955629,-0.06501841844902745,-1.0,-0.06925010607532511,2.671894214605247
-0.6707732996744609,0.6811682442264688,0.2841786045274685,-1.0,0.15968291466168605,0.8728498738641719,0.9477699424198527
-0.42077597194971805,-1.0,0.5557933875561335,-0.8941960303127235,1.0,1.0,0.3071662375597009
1.0,0.7030616681909581,0.02527328127457329,1.0,-0.4705152908220592,0.5374478005545121,3.772694844059454
-0.23754441396061549,0.21526586813244605,-0.14797624901656148,-0.3432773706829182,-0.5789451832672786,-0.7596314818206986,0.17824370285035174
-0.7932312450826147,0.07874716106233609,0.1829150259759704,0.08158778444817089,0.16711695541476357,1.0,1.4575405083269457
-0.3379719614724875,0.033159385775825445,0.9310426592883178,0.542562403145247,-0.959936303134787,-0.6780870398048273,-1.411558717469065
0.9304178151964597,-0.15579869696853121,-0.9376595009687049,0.7497581511871569,1.0,0.12557336097983562,-3.861601156161165
-0.9711628961433791,-1.0,-0.38796700167543097,-0.5508828682670512,0.15392628012197396,0.08952893454860489,-1.4234224437757097
-0.0416686254962739,-0.15061685985144158,0.03867688252141688,-0.9204080844265856,-0.15695685267695986,1.0,3.434104790959176
0.03753457739360999,1.0,1.0,0.0008877953622504764,-0.058153868130685016,-1.0,-1.6943855984633975
-0.9617188651533715,-0.8224583928643572,-0.4912239546110415,-1.0,-0.21553990505695908,-1.0,3.7386264280527692
1.0,1.0,0.5464386229500426,1.0,0.07357300449190363,0.30992905030093776,-1.9183023245413333
1.0,0.8072590555149064,0.7155705612916985,0.491689731514863,0.43770642782750513,-1.0,1.189802893624514
-1.0,-1.0,-1.0,-0.5686803858136751,0.31308368781802953,0.3678109567029322,-4.797687809536742
-1.0,-0.1110270560333555,-0.562936216922989,-0.050808975706407855,0.2662273054419627,0.13011581654148352,0.6746418856603613
-0.5639421688174204,-1.0,-0.713521132009682,0.1332956804905857,-0.15159146942804702,-1.0,1.7075059986123566
1.0,0.4615308375646938,-0.09472726822702293,0.94300715614212,1.0,0.9835458376703412,0.797136636935486
0.05328674237194844,0.840433815390396,-0.6922213064462182,-1.0,-1.0,-0.13570029715745846,3.6121098296087055
-0.9727966302507511,-1.0,-1.0,-0.8717530964512632,0.03911727454832736,-1.0,2.956239890234425
0.9877180196666979,0.9480937241836473,0.4651801558296469,1.0,0.26218424987265415,0.4379774355731648,-0.38698910531316155
1.0,-0.20181606372911687,-0.22932978042447105,-1.0,-0.8832054101900649,0.12352063806282515,4.59856978756711
-1.0,-0.0032105390096331954,1.0,-1.0,0.743540836262929,1.0,-2.089120877105485
0.3087512494780238,-0.997266186470346,-0.8958234807704673,-1.0,-1.0,-1.0,7.37771406321633
-0.06312370127212685,0.4767572376579884,0.1547703550062517,-0.07349483005437707,0.38978528193257383,0.3370085233557544,-0.19270481590604954
-1.0,-0.7870507381433871,-0.66320597296438,-0.13216611042941895,1.0,0.46656556811580524,-0.1697010825266848
-1.0,-1.0,-1.0,-1.0,1.0,1.0,-1.5091527224602588
-0.13686628055142502,0.14355478832772073,-1.0,-1.0,-1.0,0.37764970717901547,0.947950942216685
-1.0,-1.0,0.45409660695202847,-1.0,-0.23899567830670737,-0.4418363359687392,2.5455909443242573
1.0,1.0,1.0,1.0,0.020200854750386577,0.5238156059843564,-3.7961110522002084
-1.0,-0.7979172508955683,-0.3670489984769023,-0.5731814534073347,1.0,0.2518689570731104,0.6689965577125202
0.9023087377808128,1.0,-0.13067065649841836,0.8581672301819931,0.9903082529529182,0.1199699289650269,-1.8706598466281508
-1.0,-0.11074288200601187,-0.7279650161259581,-0.20664408504080778,-0.3972887701050474,-1.0,3.523313269417454
-0.15963665795990845,0.8551984999091534,0.2046856109365378,0.830186768193004,1.0,1.0,4.3800431630564916
-0.79557773321273,-1.0,0.26884361355565806,-0.9762884009320012,0.23783686255260839,0.4334200081826982,-1.156161472829869
-0.23369512810226636,-1.0,-0.36349344821657126,-1.0,-0.3041290638323957,-1.0,5.342879831172927
0.5557573650405017,1.0,-1.0,0.3140027346854981,0.6512518876123816,0.6521587567015048,2.7477322773724606
-0.7079725465963012,-0.1215621658468729,-0.8904570148037894,0.32266648355205185,-0.833182411309646,-1.0,1.65067289143827
0.07619221290113054,0.8871762367520617,-0.3404541525064145,0.7541037534015729,1.0,-0.15922258628734814,-0.1534076520093951
-0.3144739279606297,-0.8872646045061698,-0.7409756610970613,0.8253108178071449,0.417653657612469,0.05681843215610394,-2.059642703893654
0.05827891306132649,-1.0,-1.0,-1.0,-0.04813739374875825,1.0,0.08934342280092074
1.0,0.3568357235457968,0.13469206381809773,0.8494487506182555,0.07934375057654797,0.12671064392116693,-0.24663683339630088
1.0,0.8421316704629767,1.0,1.0,-1.0,0.9349984108641022,1.8788933906728325
0.15784048366020553,-1.0,-1.0,0.7312752519091451,0.11112363051629309,0.04868036274257892,-2.6538931155884233
-0.038784006744637556,0.9183400078508295,1.0,1.0,-1.0,-0.6167389196057297,0.05135337112401428
0.1703575759261664,0.35575585475328286,-0.832536146128387,-0.8835738976374623,-1.0,-0.18506730696234897,-0.15163291539189305
1.0,1.0,1.0,0.3906417184755795,-1.0,-0.20591178461534487,2.996239293566517
